rowid	ta	tb	xa_lon	xa_lat	xb_lon	xb_lat	n	distance	duration	table_name	xa	xb	twa	twb	ia	ib	quickest_time	quickest_path	iv	iv_ta	iv_tb
293733	2016-05-01 18:05:18	2016-05-01 18:16:34	-73.99217224121092	40.764198303222656	-73.99127197265625	40.75022888183594	1	2220.8891999999996	676.0	yellow_tripdata_2016-05	(40.764198303222656, -73.99217224121092)	(40.75022888183594, -73.99127197265625)	(Timestamp('2016-05-01 18:03:18'), Timestamp('2016-05-01 18:10:18'))	(Timestamp('2016-05-01 18:03:18'), Timestamp('2016-05-01 18:26:34'))	4850	5235625496	331.53048934632477	(4850, 4851, 4852, 42440170, 9618, 9619, 9620, 42454042, 14162, 14163, 42454046, 6863266396, 20119, 595269418, 6895152830, 3770, 3771, 3772, 3773, 3774, 3775, 3776, 3777, 42430707, 3764, 4207854748, 4207854747, 3759, 42430704, 3742, 3743, 3744, 42430698, 3745, 2956903775, 4207854746, 4207854745, 3741, 42430694, 3702, 3703, 3704, 42430691, 3690, 3691, 3692, 42430688, 3693, 3694, 3695, 3998783964, 42430685, 3998783962, 3687, 3688, 3689, 42430680, 3658, 3659, 3660, 42430677, 3677, 7280430895, 32991, 5542715078, 42430673, 5542715075, 3647, 3648, 3649, 42430669, 3652, 6863958500, 35808, 35809, 8261122955, 42430664, 8288270554, 40597, 40598, 40599, 8288270549, 593839894, 8288270550, 40147, 40148, 40149, 8261122946, 42430651, 8261122945, 5890772455, 33613, 5890772454, 19944, 19945, 19946, 593915211, 19943, 593915213, 19947, 8318644137, 40592, 40593, 40594, 8288270403, 42433644, 8288270400, 35848, 35849, 35850, 35851, 6878240308, 18395, 427842145, 18394, 427842144, 18392, 18393, 427842143, 18390, 427842142, 18391, 8288270386, 42433625, 8288270385, 28540, 28541, 4207913309, 8288270359, 4491359481, 8288270360, 40583, 40584, 40585, 8288270452, 42444964, 2351527464, 8288270450, 40595, 40596, 8657749388, 5175213312, 31253, 31254, 31255, 31256, 31257, 31258, 31259, 31260, 8660596976, 6211484436, 42435646, 8660596952, 25973, 25974, 25975, 25976, 3769557283, 9433, 9434, 9435, 9436, 9437, 9438, 9439, 9440, 9441, 42439955, 9414, 9415, 9416, 42439952, 8037, 8038, 8039, 8040, 42437654, 7782217024, 37531, 37532, 37533, 7590955909, 4461990857, 5235625496)	2.0	2016-05-01 18:09:39	2016-05-01 18:24:36
292558	2016-05-01 18:14:11	2016-05-01 18:23:54	-73.97560119628906	40.761089324951165	-73.98499298095702	40.75790023803711	1	1705.9004	583.0	yellow_tripdata_2016-05	(40.761089324951165, -73.97560119628906)	(40.75790023803711, -73.98499298095702)	(Timestamp('2016-05-01 18:12:11'), Timestamp('2016-05-01 18:19:11'))	(Timestamp('2016-05-01 18:12:11'), Timestamp('2016-05-01 18:33:54'))	3977886858	35123	147.31949372117347	(3977886858, 42450426, 3977886255, 12163, 12164, 12165, 12166, 12167, 12168, 12169, 42445936, 12156, 12157, 12158, 12159, 12160, 12161, 12162, 596775919, 20670, 20671, 20672, 3977886235, 596775900, 3977886228, 20661, 20662, 20663, 596775914, 20640, 20641, 20642, 596775876, 20645, 20646, 20647, 3977886201, 596775870, 14762, 42459098, 3977886196, 27185, 27186, 27187, 27188, 27189, 27190, 3977886190, 42446991, 3977886187, 8769, 8770, 8771, 42438889, 8765, 8766, 8767, 8768, 42446987, 12650, 12651, 12652, 42446986, 5730, 5731, 5732, 42434085, 5727, 5728, 5729, 42444049, 11364, 11365, 11366, 42446977, 12637, 12638, 12639, 42446971, 12625, 12626, 12627, 12628, 42446959, 12632, 12633, 12634, 12635, 12636, 7234050796, 19319, 561042204, 3842788777, 561042203, 19317, 19318, 3955360018, 42443804, 3955360019, 27076, 27075, 27074, 3955360021, 42445916, 3955360025, 27077, 27078, 27079, 4960516271, 3944708029, 42445917, 3944708030, 26992, 26993, 26994, 26995, 26996, 26997, 3942050703, 42454428, 3942050704, 21892, 21893, 21894, 21895, 21896, 21897, 21898, 1751440888, 3524, 3525, 3526, 3527, 3528, 3529, 3530, 42430338, 3521, 3522, 3523, 42430342, 3534, 3535, 3536, 42430344, 8373393481, 41514, 41515, 41516, 8318633103, 35116, 35117, 35118, 35119, 35120, 35121, 35122, 35123)	6.0	2016-05-01 18:19:02.208693	2016-05-01 18:21:30
294833	2016-05-01 18:15:33	2016-05-01 18:18:57	-73.9783706665039	40.75396728515625	-73.98414611816406	40.76005172729492	1	1126.5379999999998	204.0	yellow_tripdata_2016-05	(40.75396728515625, -73.9783706665039)	(40.76005172729492, -73.98414611816406)	(Timestamp('2016-05-01 18:13:33'), Timestamp('2016-05-01 18:20:33'))	(Timestamp('2016-05-01 18:13:33'), Timestamp('2016-05-01 18:28:57'))	3944708032	9506	131.15808144126856	(3944708032, 42445920, 3944708034, 27027, 4202958491, 27028, 3944708035, 42444043, 3944708037, 27029, 27030, 4960516273, 3944708038, 42434074, 3944708041, 27038, 4207952790, 12144, 42445924, 12133, 12134, 12135, 12136, 42445926, 12154, 12155, 8746225219, 38413, 7788529720, 42438881, 7788529741, 30580, 30581, 4960516275, 3977886217, 42445928, 3977886221, 27211, 8714998591, 28580, 4207952791, 9722, 42440453, 9725, 9726, 9727, 9728, 5475605300, 27216, 27217, 3977886233, 42440452, 3977886232, 27213, 27214, 27215, 3977886226, 42440153, 9617, 3977886222, 805765088, 6814895832, 6814895829, 805765092, 21063, 3955372902, 42432580, 4827, 3955372899, 27050, 27051, 3944708057, 42443528, 3944708052, 27045, 27046, 27047, 3944708051, 42452353, 3944708050, 3544, 3545, 3546, 3547, 3548, 3549, 3550, 3551, 3552, 3553, 3554, 3555, 3556, 3557, 3558, 42430350, 3562, 3971196607, 27097, 27098, 3971196618, 42430352, 3563, 3564, 3565, 3971196622, 42430356, 3971196623, 27106, 4782506031, 27107, 27108, 27109, 3971196624, 21879, 21880, 1745991212, 21881, 21882, 21883, 21884, 4782363332, 42432585, 2435108458, 9504, 9505, 9506)	2.0	2016-05-01 18:15:41	2016-05-01 18:20:45
291557	2016-05-01 18:07:00	2016-05-01 18:13:12	-73.98787689208984	40.74945831298828	-73.97566986083984	40.76118087768555	1	1899.0212	372.0	yellow_tripdata_2016-05	(40.74945831298828, -73.98787689208984)	(40.76118087768555, -73.97566986083984)	(Timestamp('2016-05-01 18:05:00'), Timestamp('2016-05-01 18:12:00'))	(Timestamp('2016-05-01 18:05:00'), Timestamp('2016-05-01 18:23:12'))	1954	27261	324.7476507256384	(1954, 4886228960, 3857343072, 42430304, 3857343080, 26559, 26560, 4886239171, 3857343079, 42430308, 3857366815, 26561, 5607992553, 3460, 42430311, 3457, 3458, 3459, 42430314, 3475, 3476, 3477, 42430317, 3482, 3483, 3484, 42430320, 3492, 3493, 3494, 42430324, 3510, 3511, 3512, 42430329, 3515, 3516, 3517, 8375523268, 42430333, 8375523266, 1751440889, 3531, 3532, 3533, 42430338, 6598535224, 21903, 21904, 21905, 21906, 21907, 21908, 1752946328, 21909, 8396878498, 29571, 29572, 4578017557, 42428291, 4578017558, 6596799557, 42439981, 3974095823, 27130, 27131, 27132, 3974095821, 42437363, 6597464530, 9491, 9492, 9493, 42439972, 9489, 9490, 5475605304, 9480, 42439968, 9472, 9473, 9474, 42439964, 6705, 6706, 6707, 6708, 6709, 6710, 6711, 6712, 6713, 6714, 6715, 6716, 6717, 42435654, 1758008333, 6738, 6739, 6740, 42435657, 6722, 6723, 6724, 42435660, 6741, 4207957613, 6750, 6751, 42435663, 6752, 6753, 6754, 6755, 5849918504, 6770, 6771, 6772, 42435671, 4914, 4915, 4916, 42432700, 4917, 4918, 5849918503, 23203, 2435108451, 42435675, 2435108457, 6776, 6777, 6778, 42435677, 6773, 6774, 6775, 42435680, 6781, 6782, 4207957615, 4831, 42432589, 4828, 4829, 4830, 42435684, 6789, 6790, 6791, 42435687, 6793, 6794, 6795, 42435702, 6807, 6808, 4207815979, 42435705, 6809, 6810, 4207815980, 6819, 42435707, 6820, 6821, 4207815981, 6822, 42435710, 4449, 4450, 4451, 42431556, 4459, 4460, 4461, 4462, 4463, 4464, 8785244281, 42428328, 8785244279, 25278, 25279, 25280, 3463816119, 42428321, 3463816116, 25269, 25270, 25271, 8785244254, 42428315, 8785244261, 41968, 41969, 41970, 8785244242, 42428313, 8785244250, 27274, 27275, 27276, 3977886874, 42428312, 4322008114, 3977886872, 27271, 27272, 27273, 3977886869, 42440009, 4784141042, 26968, 26969, 26970, 26971, 3932923799, 1828749426, 22191, 22192, 22193, 3971196633, 3580, 3581, 3582, 3583, 42430363, 3974095844, 27147, 4016646232, 27166, 3976008169, 42430367, 3971302311, 27123, 27124, 27125, 3977886868, 42430371, 3971302312, 27126, 4544486780, 27249, 27250, 27251, 27252, 27253, 27254, 27255, 27256, 27257, 27258, 27259, 27260, 27261)	6.0	2016-05-01 18:04:59.992199	2016-05-01 18:18:54
293844	2016-05-01 18:11:31	2016-05-01 18:18:01	-73.9791259765625	40.75299072265625	-73.98609924316406	40.7607421875	1	1609.34	390.0	yellow_tripdata_2016-05	(40.75299072265625, -73.9791259765625)	(40.7607421875, -73.98609924316406)	(Timestamp('2016-05-01 18:09:31'), Timestamp('2016-05-01 18:16:31'))	(Timestamp('2016-05-01 18:09:31'), Timestamp('2016-05-01 18:28:01'))	27077	6787	129.62145718955932	(27077, 27078, 27079, 4960516271, 3944708029, 42445917, 3944708030, 26992, 26993, 26994, 26995, 26996, 26997, 3942050703, 42454428, 3942050704, 21892, 21893, 21894, 21895, 21896, 21897, 21898, 1751440888, 3524, 3525, 3526, 3527, 3528, 3529, 3530, 42430338, 6598535224, 21903, 21904, 21905, 21906, 21907, 21908, 1752946328, 21909, 8396878498, 29571, 29572, 4578017557, 42428291, 4578017558, 6596799557, 42439981, 3974095823, 27130, 27131, 27132, 3974095821, 42437363, 6597464530, 9491, 9492, 9493, 42439972, 9489, 9490, 5475605304, 9480, 42439968, 9472, 9473, 9474, 42439964, 6705, 6706, 6707, 6708, 6709, 6710, 6711, 6712, 6713, 6714, 6715, 6716, 6717, 42435654, 1758008333, 6738, 6739, 6740, 42435657, 6722, 6723, 6724, 42435660, 6741, 4207957613, 6750, 6751, 42435663, 6752, 6753, 6754, 6755, 5849918504, 6770, 6771, 6772, 42435671, 4914, 4915, 4916, 42432700, 4917, 4918, 5849918503, 23203, 2435108451, 42435675, 2435108457, 6776, 6777, 6778, 42435677, 6773, 6774, 6775, 42435680, 6783, 6784, 6785, 6786, 6787)	9.0	2016-05-01 18:09:52.418146	2016-05-01 18:24:01
293870	2016-05-01 18:08:53	2016-05-01 18:21:53	-73.97898864746092	40.76206207275391	-73.99381256103516	40.751663208007805	1	2381.8232	780.0	yellow_tripdata_2016-05	(40.76206207275391, -73.97898864746092)	(40.751663208007805, -73.99381256103516)	(Timestamp('2016-05-01 18:06:53'), Timestamp('2016-05-01 18:13:53'))	(Timestamp('2016-05-01 18:06:53'), Timestamp('2016-05-01 18:31:53'))	27123	6702	492.0383636202377	(27123, 27124, 27125, 3977886868, 42430371, 3974095847, 27148, 27149, 5402554393, 3584, 42430375, 3585, 7917202635, 3598, 3599, 42430378, 3586, 3587, 3588, 3589, 42430384, 3607, 3606, 5402554392, 26962, 26963, 26964, 26965, 26966, 26967, 3932923797, 9518, 9517, 9516, 9515, 9514, 42440022, 9521, 4794775932, 4794775935, 23427, 2653473655, 23431, 23430, 23429, 23428, 8785244287, 6456258924, 42428329, 8785244291, 41971, 41972, 41973, 8785244272, 42428328, 8785244279, 25278, 25279, 25280, 3463816119, 42428321, 3463816116, 25269, 25270, 25271, 8785244254, 42428315, 8785244261, 41968, 41969, 41970, 8785244242, 42428313, 8785244250, 27274, 27275, 27276, 3977886874, 42428312, 3977886871, 27268, 27269, 27270, 3977886866, 42428310, 3977886863, 23207, 23208, 23209, 2435108453, 42428308, 2435108455, 23210, 23211, 23212, 2435108454, 42428307, 2435108444, 23198, 23199, 23200, 2435108460, 42428305, 2435108459, 23194, 23195, 23196, 2435108435, 42428303, 2435108461, 23213, 23214, 23215, 23216, 23217, 23218, 23219, 23220, 8250892563, 6779, 6780, 42435677, 6210777836, 34300, 34301, 34302, 34303, 34304, 34305, 34306, 34307, 34308, 34309, 34310, 34311, 8646554909, 2351532371, 42445020, 8646554913, 28581, 4207957614, 11652, 42445018, 4935, 4936, 4937, 4938, 42432703, 4932, 4933, 4934, 42443561, 11144, 11145, 11146, 42445011, 7872, 7873, 7874, 7875, 42437368, 7876, 7877, 7878, 7903850298, 42445001, 8288270437, 7903850294, 38720, 38721, 38722, 7903850293, 42444991, 7903850295, 38723, 38724, 38725, 8288270377, 42444985, 8288270378, 40586, 40587, 40588, 8288270384, 42433625, 8288270385, 28540, 28541, 4207913309, 8288270359, 4491359481, 8288270362, 18388, 18389, 427842141, 18379, 18380, 18381, 18382, 427842134, 18383, 4601240939, 5889481210, 33610, 33609, 33608, 5889481215, 4601240938, 8261123410, 42434429, 1695371077, 8261123409, 427845203, 1695371020, 427845204, 427845205, 18396, 427845206, 427845207, 427845208, 427845209, 427845210, 427845211, 427845212, 18397, 1695371011, 427841053, 8261123381, 427841054, 427841055, 427841056, 427841057, 427841058, 427841059, 18369, 18368, 18367, 18366, 18365, 18364, 7502121832, 427841062, 18370, 427841063, 3788348148, 61274119, 427841071, 3788348149, 3788348147, 1701844762, 61274117, 3788348146, 427841064, 427841065, 427841066, 3788348145, 3788348144, 3788348143, 61274116, 6246, 42434465, 6248, 6249, 4207913305, 26273, 3788348151, 42437688, 5545401596, 33013, 33014, 33015, 33016, 33017, 33018, 33019, 33020, 33021, 33022, 33023, 33024, 6814312340, 6211484421, 4443775464, 29304, 29305, 29306, 7699762582, 4443775465, 29307, 29308, 29309, 5122601050, 8262309024, 8567053364, 6699, 6700, 6701, 42435642, 6702)	0.0	2016-05-01 18:08:13.742807	2016-05-01 18:24:27
293511	2016-05-01 18:08:28	2016-05-01 18:12:43	-73.98487854003906	40.764041900634766	-73.98944091796875	40.76043319702149	1	965.6039999999999	255.00000000000003	yellow_tripdata_2016-05	(40.764041900634766, -73.98487854003906)	(40.76043319702149, -73.98944091796875)	(Timestamp('2016-05-01 18:06:28'), Timestamp('2016-05-01 18:13:28'))	(Timestamp('2016-05-01 18:06:28'), Timestamp('2016-05-01 18:22:43'))	4207815979	5481886057	57.11693529902909	(4207815979, 42435705, 6809, 6810, 4207815980, 6819, 42435707, 6820, 6821, 4207815981, 6822, 42435710, 4449, 4450, 4451, 42431556, 4459, 4460, 4461, 4462, 4463, 4464, 8785244281, 42428328, 8785244279, 25278, 25279, 25280, 3463816119, 42428321, 3463816116, 25269, 25270, 25271, 8785244254, 42428315, 8785244261, 41968, 41969, 41970, 8785244242, 42428313, 8785244250, 27274, 27275, 27276, 3977886874, 42428312, 3977886871, 27268, 27269, 27270, 3977886866, 42428310, 3977886863, 23207, 23208, 23209, 2435108453, 42428308, 2435108455, 23210, 23211, 23212, 2435108454, 42428307, 2435108444, 23198, 23199, 23200, 2435108460, 42428305, 2435108459, 23194, 23195, 23196, 2435108435, 42428303, 2435108461, 23213, 23214, 23215, 23216, 23217, 23218, 23219, 23220, 8250892563, 6779, 6780, 42435677, 6210777836, 34300, 34301, 34302, 34303, 34304, 34305, 34306, 34307, 34308, 34309, 34310, 34311, 8646554909, 2351532371, 42445020, 8646554913, 28581, 4207957614, 11652, 42445018, 2351532375, 23132, 23133, 23134, 23135, 23136, 23137, 5481886057)	0.0	2016-05-01 18:06:38.654435	2016-05-01 18:14:46
291401	2016-05-01 18:06:48	2016-05-01 18:11:24	-73.99049377441406	40.756126403808594	-73.98755645751953	40.76055145263672	1	547.1756	276.0	yellow_tripdata_2016-05	(40.756126403808594, -73.99049377441406)	(40.76055145263672, -73.98755645751953)	(Timestamp('2016-05-01 18:04:48'), Timestamp('2016-05-01 18:11:48'))	(Timestamp('2016-05-01 18:04:48'), Timestamp('2016-05-01 18:21:24'))	6722	6210777836	11.516481989221532	(6722, 6723, 6724, 42435660, 6741, 4207957613, 6750, 6751, 42435663, 6752, 6753, 6754, 6755, 5849918504, 6770, 6771, 6772, 42435671, 4914, 4915, 4916, 42432700, 4917, 4918, 5849918503, 23203, 2435108451, 42435675, 2435108457, 6776, 6777, 6778, 42435677, 6210777836)	2.0	2016-05-01 18:07:40.224748	2016-05-01 18:21:12
295885	2016-05-01 18:16:18	2016-05-01 18:26:40	-73.9763412475586	40.76005554199219	-73.99584197998048	40.75902938842773	1	2735.8779999999997	622.0	yellow_tripdata_2016-05	(40.76005554199219, -73.9763412475586)	(40.75902938842773, -73.99584197998048)	(Timestamp('2016-05-01 18:14:18'), Timestamp('2016-05-01 18:21:18'))	(Timestamp('2016-05-01 18:14:18'), Timestamp('2016-05-01 18:36:40'))	27240	7883	188.42025550185062	(27240, 3977886244, 42446353, 3977886241, 27218, 27219, 27220, 27221, 27222, 27223, 3977886234, 42445930, 3977886236, 27224, 8715333203, 4207952792, 4960516277, 3977886239, 42436701, 3977886242, 27228, 27229, 27230, 3977886246, 42445936, 3977886249, 27241, 27242, 4207952793, 27246, 3977886253, 42445941, 9839, 9840, 9841, 9842, 9843, 9844, 9845, 42440951, 9846, 9847, 9848, 9849, 9850, 9851, 9852, 9853, 9854, 9855, 9856, 9857, 9858, 9859, 3971302314, 42430375, 3585, 7917202635, 3598, 3599, 42430378, 3586, 3587, 3588, 3589, 42430384, 3607, 3606, 5402554392, 26962, 26963, 26964, 26965, 26966, 26967, 3932923797, 9518, 9517, 9516, 9515, 9514, 42440022, 9521, 4794775932, 4794775935, 23427, 2653473655, 23431, 23430, 23429, 23428, 8785244287, 6456258924, 42428329, 8785244291, 41971, 41972, 41973, 8785244272, 42428328, 8785244279, 25278, 25279, 25280, 3463816119, 42428321, 3463816116, 25269, 25270, 25271, 8785244254, 42428315, 8785244261, 41968, 41969, 41970, 8785244242, 42428313, 8785244250, 27274, 27275, 27276, 3977886874, 42428312, 3977886871, 27268, 27269, 27270, 3977886866, 42428310, 3977886863, 23207, 23208, 23209, 2435108453, 42428308, 2435108455, 23210, 23211, 23212, 2435108454, 42428307, 2435108444, 23198, 23199, 23200, 2435108460, 42428305, 2435108459, 23194, 23195, 23196, 2435108435, 42428303, 2435108461, 23213, 23214, 23215, 23216, 23217, 23218, 23219, 23220, 8250892563, 6779, 6780, 42435677, 6210777836, 34300, 34301, 34302, 34303, 34304, 34305, 34306, 34307, 34308, 34309, 34310, 34311, 8646554909, 2351532371, 42445020, 8646554913, 28581, 4207957614, 11652, 42445018, 4935, 4936, 4937, 4938, 42432703, 4932, 4933, 4934, 42443561, 11144, 11145, 11146, 42445011, 7872, 7873, 7874, 7875, 42437368, 7876, 7877, 7878, 7903850298, 42445001, 8288270437, 7903850294, 38720, 38721, 38722, 7903850293, 42444991, 7903850295, 38723, 38724, 38725, 8288270377, 42444985, 8288270379, 21804, 21805, 1727780310, 18408, 18409, 427845251, 18406, 18407, 593977713, 20054, 20055, 20056, 20057, 20058, 8288270407, 42423885, 8288270411, 428219648, 18435, 18436, 8288270424, 42446504, 8288270423, 14367, 14368, 14369, 42455751, 7883)	3.0	2016-05-01 18:20:34.171147	2016-05-01 18:26:19
289153	2016-05-01 18:01:51	2016-05-01 18:11:52	-73.9910659790039	40.76076889038086	-73.99085998535155	40.75070571899414	1	1448.406	601.0	yellow_tripdata_2016-05	(40.76076889038086, -73.9910659790039)	(40.75070571899414, -73.99085998535155)	(Timestamp('2016-05-01 17:59:51'), Timestamp('2016-05-01 18:06:51'))	(Timestamp('2016-05-01 17:59:51'), Timestamp('2016-05-01 18:21:52'))	4936	37532	195.8487409209471	(4936, 4937, 4938, 42432703, 4932, 4933, 4934, 42443561, 11144, 11145, 11146, 42445011, 7872, 7873, 7874, 7875, 42437368, 7876, 7877, 7878, 7903850298, 42445001, 8288270437, 7903850294, 38720, 38721, 38722, 7903850293, 42444991, 7903850295, 38723, 38724, 38725, 8288270377, 42444985, 8288270378, 40586, 40587, 40588, 8288270384, 42433625, 8288270385, 28540, 28541, 4207913309, 8288270359, 4491359481, 8288270360, 40583, 40584, 40585, 8288270452, 42444964, 2351527464, 8288270450, 40595, 40596, 8657749388, 5175213312, 31253, 31254, 31255, 31256, 31257, 31258, 31259, 31260, 8660596976, 6211484436, 42435646, 8660596952, 25973, 25974, 25975, 25976, 3769557283, 9433, 9434, 9435, 9436, 9437, 9438, 9439, 9440, 9441, 42439955, 9414, 9415, 9416, 42439952, 8037, 8038, 8039, 8040, 42437654, 7782217024, 37531, 37532)	9.0	2016-05-01 18:00:57.153037	2016-05-01 18:17:18
293415	2016-05-01 18:04:48	2016-05-01 18:12:08	-73.9769287109375	40.7520637512207	-73.99127197265625	40.75042724609375	1	1770.2740000000001	440.0	yellow_tripdata_2016-05	(40.7520637512207, -73.9769287109375)	(40.75042724609375, -73.99127197265625)	(Timestamp('2016-05-01 18:02:48'), Timestamp('2016-05-01 18:09:48'))	(Timestamp('2016-05-01 18:02:48'), Timestamp('2016-05-01 18:22:08'))	1690450548	26308	256.5482658805308	(1690450548, 3842775636, 3842775634, 3842775640, 26495, 3842775641, 3842775633, 26489, 7520841184, 26490, 26491, 26492, 26493, 26494, 3842775635, 42444047, 6819525295, 6819525294, 420591230, 18300, 420591228, 11277, 11278, 42443810, 11267, 11268, 11269, 11270, 42443807, 11273, 11272, 11271, 3639382769, 12129, 12130, 12131, 12132, 42445917, 3944708030, 26992, 26993, 26994, 26995, 26996, 26997, 3942050703, 42454428, 3942050704, 21892, 21893, 21894, 21895, 21896, 21897, 21898, 1751440888, 3524, 3525, 3526, 3527, 3528, 3529, 3530, 42430338, 6598535224, 21903, 21904, 21905, 21906, 21907, 21908, 1752946328, 21909, 8396878498, 29571, 29572, 4578017557, 42428291, 4578017558, 6596799557, 42439981, 3974095823, 27130, 27131, 27132, 3974095821, 42437363, 6597464530, 9491, 9492, 9493, 42439972, 9489, 9490, 5475605304, 9480, 42439968, 9472, 9473, 9474, 42439964, 6705, 6706, 6707, 6708, 6709, 6710, 6711, 6712, 6713, 6714, 6715, 6716, 6717, 42435654, 6718, 6719, 6720, 6721, 5492236420, 32862, 32863, 32864, 32865, 32866, 32867, 32868, 32869, 32870, 8288270375, 2351527463, 42444985, 8288270378, 40586, 40587, 40588, 8288270384, 42433625, 8288270385, 28540, 28541, 4207913309, 8288270359, 4491359481, 8288270360, 40583, 40584, 40585, 8288270452, 42444964, 2351527464, 8288270450, 40595, 40596, 8657749388, 5175213312, 31253, 31254, 31255, 31256, 31257, 31258, 31259, 31260, 8660596976, 6211484436, 42435646, 8660596952, 25973, 25974, 25975, 25976, 3769557283, 9433, 9434, 9435, 9436, 9437, 9438, 9439, 9440, 9441, 42439955, 9414, 9415, 9416, 42439952, 8037, 8038, 8039, 8040, 42437654, 7782217024, 37531, 37532, 37533, 7590955909, 4461990857, 4631139783, 26308)	9.0	2016-05-01 18:09:28.425667	2016-05-01 18:17:27
292374	2016-05-01 18:14:03	2016-05-01 18:18:34	-73.98694610595702	40.75094604492188	-73.99115753173827	40.75035095214844	1	643.736	271.0	yellow_tripdata_2016-05	(40.75094604492188, -73.98694610595702)	(40.75035095214844, -73.99115753173827)	(Timestamp('2016-05-01 18:12:03'), Timestamp('2016-05-01 18:19:03'))	(Timestamp('2016-05-01 18:12:03'), Timestamp('2016-05-01 18:28:34'))	3460	4631139783	245.30474672083457	(3460, 42430311, 3457, 3458, 3459, 42430314, 3475, 3476, 3477, 42430317, 3482, 3483, 3484, 42430320, 3492, 3493, 3494, 42430324, 3510, 3511, 3512, 42430329, 3515, 3516, 3517, 8375523268, 42430333, 8375523266, 1751440889, 3531, 3532, 3533, 42430338, 6598535224, 21903, 21904, 21905, 21906, 21907, 21908, 1752946328, 21909, 8396878498, 29571, 29572, 4578017557, 42428291, 4578017558, 6596799557, 42439981, 3974095823, 27130, 27131, 27132, 3974095821, 42437363, 6597464530, 9491, 9492, 9493, 42439972, 9489, 9490, 5475605304, 9480, 42439968, 9472, 9473, 9474, 42439964, 6705, 6706, 6707, 6708, 6709, 6710, 6711, 6712, 6713, 6714, 6715, 6716, 6717, 42435654, 6718, 6719, 6720, 6721, 5492236420, 32862, 32863, 32864, 32865, 32866, 32867, 32868, 32869, 32870, 8288270375, 2351527463, 42444985, 8288270378, 40586, 40587, 40588, 8288270384, 42433625, 8288270385, 28540, 28541, 4207913309, 8288270359, 4491359481, 8288270360, 40583, 40584, 40585, 8288270452, 42444964, 2351527464, 8288270450, 40595, 40596, 8657749388, 5175213312, 31253, 31254, 31255, 31256, 31257, 31258, 31259, 31260, 8660596976, 6211484436, 42435646, 8660596952, 25973, 25974, 25975, 25976, 3769557283, 9433, 9434, 9435, 9436, 9437, 9438, 9439, 9440, 9441, 42439955, 9414, 9415, 9416, 42439952, 8037, 8038, 8039, 8040, 42437654, 7782217024, 37531, 37532, 37533, 7590955909, 4461990857, 4631139783)	0.0	2016-05-01 18:13:27.305544	2016-05-01 18:18:17
294550	2016-05-01 18:12:11	2016-05-01 18:23:58	-73.97876739501953	40.75345230102539	-73.98546600341797	40.76326751708984	1	1609.34	707.0	yellow_tripdata_2016-05	(40.75345230102539, -73.97876739501953)	(40.76326751708984, -73.98546600341797)	(Timestamp('2016-05-01 18:10:11'), Timestamp('2016-05-01 18:17:11'))	(Timestamp('2016-05-01 18:10:11'), Timestamp('2016-05-01 18:33:58'))	42445917	6794	106.39402711756598	(42445917, 3944708030, 26992, 26993, 26994, 26995, 26996, 26997, 3942050703, 42454428, 3942050704, 21892, 21893, 21894, 21895, 21896, 21897, 21898, 1751440888, 3524, 3525, 3526, 3527, 3528, 3529, 3530, 42430338, 6598535224, 21903, 21904, 21905, 21906, 21907, 21908, 1752946328, 21909, 8396878498, 29571, 29572, 4578017557, 42428291, 4578017558, 6596799557, 42439981, 3974095823, 27130, 27131, 27132, 3974095821, 42437363, 6597464530, 9491, 9492, 9493, 42439972, 9489, 9490, 5475605304, 9480, 42439968, 9472, 9473, 9474, 42439964, 6705, 6706, 6707, 6708, 6709, 6710, 6711, 6712, 6713, 6714, 6715, 6716, 6717, 42435654, 1758008333, 6738, 6739, 6740, 42435657, 6722, 6723, 6724, 42435660, 6741, 4207957613, 6750, 6751, 42435663, 6752, 6753, 6754, 6755, 5849918504, 6770, 6771, 6772, 42435671, 4914, 4915, 4916, 42432700, 4917, 4918, 5849918503, 23203, 2435108451, 42435675, 2435108457, 6776, 6777, 6778, 42435677, 6773, 6774, 6775, 42435680, 6781, 6782, 4207957615, 4831, 42432589, 4828, 4829, 4830, 42435684, 6789, 6790, 6791, 42435687, 6793, 6794)	2.0	2016-05-01 18:15:37.565923	2016-05-01 18:18:59
289234	2016-05-01 18:02:01	2016-05-01 18:09:31	-73.97799682617188	40.75749206542969	-73.9787826538086	40.76483917236328	1	1609.34	450.0	yellow_tripdata_2016-05	(40.75749206542969, -73.97799682617188)	(40.76483917236328, -73.9787826538086)	(Timestamp('2016-05-01 18:00:01'), Timestamp('2016-05-01 18:07:01'))	(Timestamp('2016-05-01 18:00:01'), Timestamp('2016-05-01 18:19:31'))	27051	26967	95.43047228417855	(27051, 3944708057, 42443528, 3944708053, 27048, 27049, 4737669347, 29919, 4737669342, 12152, 12153, 42445926, 12154, 12155, 8746225219, 38413, 7788529720, 42438881, 7788529741, 30580, 30581, 4960516275, 3977886217, 42445928, 3977886221, 27211, 8714998591, 28580, 4207952791, 9722, 42440453, 9719, 9720, 9721, 3977886229, 42445930, 3977886236, 27224, 8715333203, 4207952792, 4960516277, 3977886239, 42436701, 3977886242, 27228, 27229, 27230, 3977886246, 42445936, 3977886249, 27241, 27242, 4207952793, 27246, 3977886253, 42445941, 9839, 9840, 9841, 9842, 9843, 9844, 9845, 42440951, 9846, 9847, 9848, 9849, 9850, 9851, 9852, 9853, 9854, 9855, 9856, 9857, 9858, 9859, 3971302314, 42430375, 3585, 7917202635, 3598, 3599, 42430378, 3586, 3587, 3588, 3589, 42430384, 3607, 3606, 5402554392, 26962, 26963, 26964, 26965, 26966, 26967)	4.0	2016-05-01 18:04:54.047322	2016-05-01 18:09:17
289986	2016-05-01 18:01:34	2016-05-01 18:09:04	-73.98570251464844	40.75724792480469	-73.99102020263672	40.750652313232415	1	1979.4881999999998	450.0	yellow_tripdata_2016-05	(40.75724792480469, -73.98570251464844)	(40.750652313232415, -73.99102020263672)	(Timestamp('2016-05-01 17:59:34'), Timestamp('2016-05-01 18:06:34'))	(Timestamp('2016-05-01 17:59:34'), Timestamp('2016-05-01 18:19:04'))	6598535230	37532	556.7062721682731	(6598535230, 35134, 35135, 35136, 35137, 35138, 35139, 35140, 35141, 8396878495, 27042, 27043, 27044, 3944708047, 42430342, 3534, 3535, 3536, 42430344, 8373393481, 41514, 41515, 41516, 8318633103, 35116, 35117, 35118, 35119, 35120, 35121, 35122, 35123, 35124, 6597464446, 3974095831, 6596799560, 42428297, 6597464486, 27144, 27145, 27146, 3974095829, 42439984, 3974095826, 27141, 27142, 27143, 3974095825, 42439981, 3974095823, 27130, 27131, 27132, 3974095821, 42437363, 6597464530, 9491, 9492, 9493, 42439972, 9489, 9490, 5475605304, 9480, 42439968, 9472, 9473, 9474, 42439964, 6705, 6706, 6707, 6708, 6709, 6710, 6711, 6712, 6713, 6714, 6715, 6716, 6717, 42435654, 6718, 6719, 6720, 6721, 5492236420, 32862, 32863, 32864, 32865, 32866, 32867, 32868, 32869, 32870, 8288270375, 2351527463, 42444985, 8288270378, 40586, 40587, 40588, 8288270384, 42433625, 8288270385, 28540, 28541, 4207913309, 8288270359, 4491359481, 8288270360, 40583, 40584, 40585, 8288270452, 42444964, 2351527464, 8288270450, 40595, 40596, 8657749388, 5175213312, 31253, 31254, 31255, 31256, 31257, 31258, 31259, 31260, 8660596976, 6211484436, 42435646, 8660596952, 25973, 25974, 25975, 25976, 3769557283, 9433, 9434, 9435, 9436, 9437, 9438, 9439, 9440, 9441, 42439955, 9414, 9415, 9416, 42439952, 8037, 8038, 8039, 8040, 42437654, 7782217024, 37531, 37532)	0.0	2016-05-01 17:59:33.371824	2016-05-01 18:18:15
294609	2016-05-01 18:12:17	2016-05-01 18:20:11	-73.9845199584961	40.76071166992188	-73.98567962646483	40.75722885131836	1	321.868	474.00000000000006	yellow_tripdata_2016-05	(40.76071166992188, -73.9845199584961)	(40.75722885131836, -73.98567962646483)	(Timestamp('2016-05-01 18:10:17'), Timestamp('2016-05-01 18:17:17'))	(Timestamp('2016-05-01 18:10:17'), Timestamp('2016-05-01 18:30:11'))	2435108444	6598535230	69.95341119928266	(2435108444, 23198, 23199, 23200, 2435108460, 42428305, 4322008118, 9507, 9508, 42439996, 9497, 9498, 9499, 42439994, 6598535157, 35130, 35131, 35132, 6598535159, 42439990, 6598535188, 5475605303, 29875, 29876, 4707407261, 42428297, 6597464486, 27144, 27145, 27146, 3974095829, 42439984, 6596799561, 3974095827, 42428294, 6598535230)	4.0	2016-05-01 18:10:16.317374	2016-05-01 18:19:08
290362	2016-05-01 18:05:48	2016-05-01 18:15:21	-73.98081970214844	40.75376129150391	-73.98983001708984	40.76150131225586	1	1931.2079999999999	573.0	yellow_tripdata_2016-05	(40.75376129150391, -73.98081970214844)	(40.76150131225586, -73.98983001708984)	(Timestamp('2016-05-01 18:03:48'), Timestamp('2016-05-01 18:10:48'))	(Timestamp('2016-05-01 18:03:48'), Timestamp('2016-05-01 18:25:21'))	26991	34311	122.30396276595783	(26991, 3942050701, 42437358, 3942050698, 26981, 26982, 26983, 7826843770, 42432436, 4625652083, 29786, 29787, 29788, 4625653591, 5178688283, 42446488, 4625652087, 11951, 11952, 11953, 42445649, 11939, 11940, 11941, 11942, 11943, 1747650043, 3495, 3496, 3497, 3498, 3499, 3500, 3501, 3502, 3503, 42430320, 3492, 3493, 3494, 42430324, 3510, 3511, 3512, 42430329, 3515, 3516, 3517, 8375523268, 42430333, 8375523266, 1751440889, 3531, 3532, 3533, 42430338, 6598535224, 21903, 21904, 21905, 21906, 21907, 21908, 1752946328, 21909, 8396878498, 29571, 29572, 4578017557, 42428291, 4578017558, 6596799557, 42439981, 3974095823, 27130, 27131, 27132, 3974095821, 42437363, 6597464530, 9491, 9492, 9493, 42439972, 9489, 9490, 5475605304, 9480, 42439968, 9472, 9473, 9474, 42439964, 6705, 6706, 6707, 6708, 6709, 6710, 6711, 6712, 6713, 6714, 6715, 6716, 6717, 42435654, 1758008333, 6738, 6739, 6740, 42435657, 6722, 6723, 6724, 42435660, 6741, 4207957613, 6750, 6751, 42435663, 6752, 6753, 6754, 6755, 5849918504, 6770, 6771, 6772, 42435671, 4914, 4915, 4916, 42432700, 4917, 4918, 5849918503, 23203, 2435108451, 42435675, 2435108457, 6776, 6777, 6778, 42435677, 6210777836, 34300, 34301, 34302, 34303, 34304, 34305, 34306, 34307, 34308, 34309, 34310, 34311)	4.0	2016-05-01 18:06:53	2016-05-01 18:17:46
291819	2016-05-01 18:07:22	2016-05-01 18:09:23	-73.985595703125	40.762203216552734	-73.9849853515625	40.75970077514648	1	321.868	121.00000000000001	yellow_tripdata_2016-05	(40.762203216552734, -73.985595703125)	(40.75970077514648, -73.9849853515625)	(Timestamp('2016-05-01 18:05:22'), Timestamp('2016-05-01 18:12:22'))	(Timestamp('2016-05-01 18:05:22'), Timestamp('2016-05-01 18:19:23'))	30026	23196	146.36459897518483	(30026, 30027, 8704367788, 3974095846, 23221, 23222, 23223, 23224, 23225, 2435108462, 42428308, 2435108455, 23210, 23211, 23212, 2435108454, 42428307, 2435108444, 23198, 23199, 23200, 2435108460, 42428305, 2435108459, 23194, 23195, 23196)	4.0	2016-05-01 18:11:36.541249	2016-05-01 18:17:35
294843	2016-05-01 18:15:35	2016-05-01 18:18:28	-73.98925018310547	40.75790023803711	-73.98324584960938	40.762962341308594	1	804.67	173.0	yellow_tripdata_2016-05	(40.75790023803711, -73.98925018310547)	(40.762962341308594, -73.98324584960938)	(Timestamp('2016-05-01 18:13:35'), Timestamp('2016-05-01 18:20:35'))	(Timestamp('2016-05-01 18:13:35'), Timestamp('2016-05-01 18:28:28'))	5849918504	27276	99.49454745371993	(5849918504, 6770, 6771, 6772, 42435671, 4914, 4915, 4916, 42432700, 4917, 4918, 5849918503, 23203, 2435108451, 42435675, 2435108457, 6776, 6777, 6778, 42435677, 6773, 6774, 6775, 42435680, 6781, 6782, 4207957615, 4831, 42432589, 4828, 4829, 4830, 42435684, 6789, 6790, 6791, 42435687, 6793, 6794, 6795, 42435702, 6807, 6808, 4207815979, 42435705, 6809, 6810, 4207815980, 6819, 42435707, 6820, 6821, 4207815981, 6822, 42435710, 4449, 4450, 4451, 42431556, 4459, 4460, 4461, 4462, 4463, 4464, 8785244281, 42428328, 8785244279, 25278, 25279, 25280, 3463816119, 42428321, 3463816116, 25269, 25270, 25271, 8785244254, 42428315, 8785244261, 41968, 41969, 41970, 8785244242, 42428313, 8785244250, 27274, 27275, 27276)	2.0	2016-05-01 18:18:05.218195	2016-05-01 18:19:48
292506	2016-05-01 18:08:02	2016-05-01 18:18:26	-73.97823333740233	40.762168884277344	-73.98699951171875	40.765239715576165	1	1287.472	624.0	yellow_tripdata_2016-05	(40.762168884277344, -73.97823333740233)	(40.765239715576165, -73.98699951171875)	(Timestamp('2016-05-01 18:06:02'), Timestamp('2016-05-01 18:13:02'))	(Timestamp('2016-05-01 18:06:02'), Timestamp('2016-05-01 18:28:26'))	4544486780	23121	325.0502061810359	(4544486780, 27249, 27250, 27251, 27252, 27253, 27254, 27255, 27256, 27257, 27258, 27259, 27260, 27261, 3977886858, 42450426, 3977886255, 12163, 12164, 12165, 12166, 12167, 12168, 12169, 42445936, 3977886249, 27241, 27242, 4207952793, 27246, 3977886253, 42445941, 9839, 9840, 9841, 9842, 9843, 9844, 9845, 42440951, 9846, 9847, 9848, 9849, 9850, 9851, 9852, 9853, 9854, 9855, 9856, 9857, 9858, 9859, 3971302314, 42430375, 3585, 7917202635, 3598, 3599, 42430378, 3586, 3587, 3588, 3589, 42430384, 3607, 3606, 5402554392, 26962, 26963, 26964, 26965, 26966, 26967, 3932923797, 9518, 9517, 9516, 9515, 9514, 42440022, 9521, 4794775932, 4794775935, 23427, 2653473655, 23431, 23430, 23429, 23428, 8785244287, 6456258924, 42428329, 8785244291, 41971, 41972, 41973, 8785244272, 42428328, 8785244279, 25278, 25279, 25280, 3463816119, 42428321, 3463816116, 25269, 25270, 25271, 8785244254, 42428315, 8785244261, 41968, 41969, 41970, 8785244242, 42428313, 8785244252, 6811, 6812, 6813, 6814, 6815, 6816, 6817, 6818, 42435705, 6210777832, 23111, 23112, 23113, 23114, 23115, 23116, 23117, 23118, 23119, 23120, 23121)	3.0	2016-05-01 18:10:06.937331	2016-05-01 18:24:59
293029	2016-05-01 18:04:20	2016-05-01 18:09:36	-73.98636627197266	40.75831985473633	-73.98394775390625	40.76298141479492	1	885.1370000000001	316.0	yellow_tripdata_2016-05	(40.75831985473633, -73.98636627197266)	(40.76298141479492, -73.98394775390625)	(Timestamp('2016-05-01 18:02:20'), Timestamp('2016-05-01 18:09:20'))	(Timestamp('2016-05-01 18:02:20'), Timestamp('2016-05-01 18:19:36'))	4905	6804	116.07040199102173	(4905, 4906, 42432697, 4907, 4908, 4909, 4910, 4911, 4912, 4913, 6598535204, 42432700, 4917, 4918, 5849918503, 23203, 2435108451, 42435675, 2435108457, 6776, 6777, 6778, 42435677, 6773, 6774, 6775, 42435680, 6781, 6782, 4207957615, 4831, 42432589, 4828, 4829, 4830, 42435684, 6789, 6790, 6791, 42435687, 6793, 6794, 6795, 42435702, 6799, 6800, 6801, 6802, 6803, 6804)	3.0	2016-05-01 18:06:29.766296	2016-05-01 18:08:27
289205	2016-05-01 18:00:23	2016-05-01 18:05:40	-73.98455047607422	40.75941848754882	-73.98995971679686	40.75188064575195	1	965.6039999999999	317.0	yellow_tripdata_2016-05	(40.75941848754882, -73.98455047607422)	(40.75188064575195, -73.98995971679686)	(Timestamp('2016-05-01 17:58:23'), Timestamp('2016-05-01 18:05:23'))	(Timestamp('2016-05-01 17:58:23'), Timestamp('2016-05-01 18:15:40'))	9499	9416	116.15243636388816	(9499, 42439994, 2435108432, 23193, 2435108448, 42428303, 2435108461, 23213, 23214, 23215, 23216, 23217, 23218, 23219, 23220, 8250892563, 6779, 6780, 42435677, 6210777836, 34300, 34301, 34302, 34303, 34304, 34305, 34306, 34307, 34308, 34309, 34310, 34311, 8646554909, 2351532371, 42445020, 8646554913, 28581, 4207957614, 11652, 42445018, 4935, 4936, 4937, 4938, 42432703, 4932, 4933, 4934, 42443561, 11144, 11145, 11146, 42445011, 7872, 7873, 7874, 7875, 42437368, 7876, 7877, 7878, 7903850298, 42445001, 8288270437, 7903850294, 38720, 38721, 38722, 7903850293, 42444991, 7903850295, 38723, 38724, 38725, 8288270377, 42444985, 8288270378, 40586, 40587, 40588, 8288270384, 42433625, 8288270385, 28540, 28541, 4207913309, 8288270359, 4491359481, 8288270360, 40583, 40584, 40585, 8288270452, 42444964, 2351527464, 8288270450, 40595, 40596, 8657749388, 5175213312, 31253, 31254, 31255, 31256, 31257, 31258, 31259, 31260, 8660596976, 6211484436, 42435646, 8660596952, 25973, 25974, 25975, 25976, 3769557283, 9433, 9434, 9435, 9436, 9437, 9438, 9439, 9440, 9441, 42439955, 9414, 9415, 9416)	9.0	2016-05-01 18:04:00.599546	2016-05-01 18:15:30
289501	2016-05-01 18:00:49	2016-05-01 18:04:55	-73.97951507568358	40.76453399658203	-73.97689056396483	40.7589225769043	1	804.67	246.00000000000003	yellow_tripdata_2016-05	(40.76453399658203, -73.97951507568358)	(40.7589225769043, -73.97689056396483)	(Timestamp('2016-05-01 17:58:49'), Timestamp('2016-05-01 18:05:49'))	(Timestamp('2016-05-01 17:58:49'), Timestamp('2016-05-01 18:14:55'))	29453	27213	362.0590765549245	(29453, 4544486782, 3932923804, 1814471103, 4544486781, 3590, 3591, 3592, 3593, 3594, 3595, 3596, 3597, 42430378, 3586, 3587, 3588, 3589, 42430384, 3607, 3606, 5402554392, 26962, 26963, 26964, 26965, 26966, 26967, 3932923797, 9518, 9517, 9516, 9515, 9514, 42440022, 9521, 4794775932, 4794775935, 23427, 2653473655, 23431, 23430, 23429, 23428, 8785244287, 6456258924, 42428329, 8785244291, 41971, 41972, 41973, 8785244272, 42428328, 8785244279, 25278, 25279, 25280, 3463816119, 42428321, 3463816116, 25269, 25270, 25271, 8785244254, 42428315, 8785244261, 41968, 41969, 41970, 8785244242, 42428313, 8785244250, 27274, 27275, 27276, 3977886874, 42428312, 3977886871, 27268, 27269, 27270, 3977886866, 42428310, 3977886863, 23207, 23208, 23209, 2435108453, 42428308, 4322008116, 2435108447, 23201, 4207978589, 28590, 4782363329, 2782279879, 42440001, 2782279859, 21885, 21886, 21887, 21888, 1745991214, 21889, 21890, 3971196629, 27111, 27112, 27113, 27114, 27115, 27116, 3971196627, 42430358, 3971196626, 27110, 4782442668, 26536, 26537, 26538, 26539, 26540, 26541, 26542, 3855009862, 4549080329, 21050, 21051, 805764974, 21052, 6814933413, 6814895823, 27212, 3977886225, 42440153, 3977886224, 4782442665, 27206, 27207, 27208, 27209, 27210, 3977886220, 42445928, 3977886221, 27211, 8714998591, 28580, 4207952791, 9722, 42440453, 9725, 9726, 9727, 9728, 5475605300, 27216, 27217, 3977886233, 42440452, 3977886232, 27213)	4.0	2016-05-01 17:58:49	2016-05-01 18:04:50
290713	2016-05-01 18:03:00	2016-05-01 18:10:15	-73.98635864257811	40.76176071166992	-73.9947967529297	40.76054382324219	1	1335.7522	435.0	yellow_tripdata_2016-05	(40.76176071166992, -73.98635864257811)	(40.76054382324219, -73.9947967529297)	(Timestamp('2016-05-01 18:01:00'), Timestamp('2016-05-01 18:08:00'))	(Timestamp('2016-05-01 18:01:00'), Timestamp('2016-05-01 18:20:15'))	4828	11148	118.62124070350966	(4828, 4829, 4830, 42435684, 6789, 6790, 6791, 42435687, 6210777843, 32221, 32222, 32223, 32224, 32225, 32226, 32227, 5481883907, 32170, 5481882139, 23123, 23124, 23125, 23126, 2351532367, 42445025, 3463815148, 14164, 14165, 14166, 14167, 14168, 14169, 14170, 14171, 14172, 14173, 14174, 14175, 42454042, 14162, 14163, 42454046, 6863266396, 20119, 595269418, 6895152830, 3770, 3771, 3772, 3773, 3774, 3775, 3776, 3777, 42430707, 3764, 4207854748, 4207854747, 3759, 42430704, 3742, 3743, 3744, 42430698, 3745, 2956903775, 4207854746, 4207854745, 3741, 42430694, 3702, 3703, 3704, 42430691, 3690, 3691, 3692, 42430688, 3693, 3694, 3695, 3998783964, 42430685, 3998783962, 3687, 3688, 3689, 42430680, 3658, 3659, 3660, 42430677, 3677, 7280430895, 32991, 5542715078, 42430673, 5542715075, 3647, 3648, 3649, 42430669, 3652, 6863958500, 35808, 35809, 8261122955, 42430664, 8288270554, 40597, 40598, 40599, 8288270549, 593839894, 8288270550, 40147, 40148, 40149, 8261122946, 42430651, 8261122945, 5890772455, 33613, 5890772454, 19944, 19945, 19946, 593915211, 19943, 593915213, 19947, 8318644137, 40592, 40593, 40594, 8288270403, 42433644, 8288270401, 40589, 40590, 40591, 8288270408, 42423885, 8288270411, 428219648, 18435, 18436, 8288270424, 42446504, 8288270423, 14367, 14368, 14369, 42455751, 7883, 7884, 7885, 7886, 42437371, 7879, 7880, 7881, 7882, 42454433, 11147, 11148)	9.0	2016-05-01 18:04:40.493734	2016-05-01 18:13:24
290720	2016-05-01 18:03:02	2016-05-01 18:13:12	-73.98184204101561	40.763229370117195	-73.98349761962889	40.75550842285156	1	1255.2852	610.0	yellow_tripdata_2016-05	(40.763229370117195, -73.98184204101561)	(40.75550842285156, -73.98349761962889)	(Timestamp('2016-05-01 18:01:02'), Timestamp('2016-05-01 18:08:02'))	(Timestamp('2016-05-01 18:01:02'), Timestamp('2016-05-01 18:23:12'))	25283	3530	130.1684729694629	(25283, 3977886878, 42440012, 3977886876, 27277, 4784141039, 30062, 4784141040, 3977886870, 42440009, 3977886867, 27265, 27266, 27267, 3977886862, 42440004, 3977886861, 27262, 27263, 27264, 3977886860, 42440001, 2782279859, 21885, 21886, 21887, 21888, 1745991214, 21889, 21890, 3971196629, 27111, 27112, 27113, 27114, 27115, 27116, 3971196627, 42430358, 3971196626, 27110, 4782442668, 26536, 26537, 26538, 26539, 26540, 26541, 26542, 3855009862, 4549080329, 21050, 21051, 805764974, 21052, 6814933413, 6814895823, 27212, 3977886225, 42440153, 3977886224, 4782442665, 27206, 27207, 27208, 27209, 27210, 3977886220, 42445928, 3977886221, 27211, 8714998591, 28580, 4207952791, 9722, 42440453, 9719, 9720, 9721, 3977886229, 42445930, 3977886236, 27224, 8715333203, 4207952792, 4960516277, 3977886239, 42436701, 3977886242, 27228, 27229, 27230, 3977886246, 42445936, 12156, 12157, 12158, 12159, 12160, 12161, 12162, 596775919, 20670, 20671, 20672, 3977886235, 596775900, 3977886228, 20661, 20662, 20663, 596775914, 20640, 20641, 20642, 596775876, 20645, 20646, 20647, 3977886201, 596775870, 14762, 42459098, 3977886196, 27185, 27186, 27187, 27188, 27189, 27190, 3977886190, 42446991, 3977886187, 8769, 8770, 8771, 42438889, 8765, 8766, 8767, 8768, 42446987, 12650, 12651, 12652, 42446986, 5730, 5731, 5732, 42434085, 5727, 5728, 5729, 42444049, 11364, 11365, 11366, 42446977, 12637, 12638, 12639, 42446971, 12625, 12626, 12627, 12628, 42446959, 12632, 12633, 12634, 12635, 12636, 7234050796, 19319, 561042204, 3842788777, 561042203, 19317, 19318, 3955360018, 42443804, 3955360019, 27076, 27075, 27074, 3955360021, 42445916, 3955360025, 27077, 27078, 27079, 4960516271, 3944708029, 42445917, 3944708030, 26992, 26993, 26994, 26995, 26996, 26997, 3942050703, 42454428, 3942050704, 21892, 21893, 21894, 21895, 21896, 21897, 21898, 1751440888, 3524, 3525, 3526, 3527, 3528, 3529, 3530)	9.0	2016-05-01 18:06:46.076592	2016-05-01 18:10:13
290481	2016-05-01 18:05:56	2016-05-01 18:14:28	-73.9842300415039	40.759891510009766	-73.99122619628906	40.75032043457031	1	1174.8182	512.0	yellow_tripdata_2016-05	(40.759891510009766, -73.9842300415039)	(40.75032043457031, -73.99122619628906)	(Timestamp('2016-05-01 18:03:56'), Timestamp('2016-05-01 18:10:56'))	(Timestamp('2016-05-01 18:03:56'), Timestamp('2016-05-01 18:24:28'))	42439996	4631139783	227.476441235345	(42439996, 9497, 9498, 9499, 42439994, 2435108432, 23193, 2435108448, 42428303, 2435108461, 23213, 23214, 23215, 23216, 23217, 23218, 23219, 23220, 8250892563, 6779, 6780, 42435677, 6210777836, 34300, 34301, 34302, 34303, 34304, 34305, 34306, 34307, 34308, 34309, 34310, 34311, 8646554909, 2351532371, 42445020, 8646554913, 28581, 4207957614, 11652, 42445018, 4935, 4936, 4937, 4938, 42432703, 4932, 4933, 4934, 42443561, 11144, 11145, 11146, 42445011, 7872, 7873, 7874, 7875, 42437368, 7876, 7877, 7878, 7903850298, 42445001, 8288270437, 7903850294, 38720, 38721, 38722, 7903850293, 42444991, 7903850295, 38723, 38724, 38725, 8288270377, 42444985, 8288270378, 40586, 40587, 40588, 8288270384, 42433625, 8288270385, 28540, 28541, 4207913309, 8288270359, 4491359481, 8288270360, 40583, 40584, 40585, 8288270452, 42444964, 2351527464, 8288270450, 40595, 40596, 8657749388, 5175213312, 31253, 31254, 31255, 31256, 31257, 31258, 31259, 31260, 8660596976, 6211484436, 42435646, 8660596952, 25973, 25974, 25975, 25976, 3769557283, 9433, 9434, 9435, 9436, 9437, 9438, 9439, 9440, 9441, 42439955, 9414, 9415, 9416, 42439952, 8037, 8038, 8039, 8040, 42437654, 7782217024, 37531, 37532, 37533, 7590955909, 4461990857, 4631139783)	9.0	2016-05-01 18:03:55.517934	2016-05-01 18:17:20
294008	2016-05-01 18:09:07	2016-05-01 18:26:24	-73.98751831054686	40.75040817260742	-73.98155975341797	40.76361846923828	1	3089.9327999999996	1037.0	yellow_tripdata_2016-05	(40.75040817260742, -73.98751831054686)	(40.76361846923828, -73.98155975341797)	(Timestamp('2016-05-01 18:07:07'), Timestamp('2016-05-01 18:14:07'))	(Timestamp('2016-05-01 18:07:07'), Timestamp('2016-05-01 18:36:24'))	6224277860	3308681104	602.2396639228546	(6224277860, 34525, 6224277873, 42428253, 6224278786, 9420, 9421, 9422, 9423, 9424, 9425, 9426, 9427, 9428, 9429, 42439952, 9417, 9418, 9419, 6223524384, 6223524382, 34499, 34500, 34501, 34502, 34503, 34504, 34505, 34506, 34507, 8660596949, 42435645, 8660596960, 41685, 41686, 41687, 8660596978, 42435646, 8660596994, 41691, 41692, 41693, 8660596985, 42435650, 8660596973, 5637, 5638, 5639, 42433620, 5634, 5635, 5636, 42435654, 1758008333, 6738, 6739, 6740, 42435657, 6722, 6723, 6724, 42435660, 6741, 4207957613, 6750, 6751, 42435663, 6752, 6753, 6754, 6755, 5849918504, 6770, 6771, 6772, 42435671, 4914, 4915, 4916, 42432700, 4917, 4918, 5849918503, 23203, 2435108451, 42435675, 2435108457, 6776, 6777, 6778, 42435677, 6773, 6774, 6775, 42435680, 6781, 6782, 4207957615, 4831, 42432589, 4828, 4829, 4830, 42435684, 6789, 6790, 6791, 42435687, 6793, 6794, 6795, 42435702, 6807, 6808, 4207815979, 42435705, 6809, 6810, 4207815980, 6819, 42435707, 6820, 6821, 4207815981, 6822, 42435710, 4449, 4450, 4451, 42431556, 4459, 4460, 4461, 4462, 4463, 4464, 8785244281, 42428328, 8785244279, 25278, 25279, 25280, 3463816119, 42428321, 3463816116, 25269, 25270, 25271, 8785244254, 42428315, 4322008112, 3308681107, 24874, 3308681106, 3308681105, 24873, 3308681104)	6.0	2016-05-01 18:07:06.264093	2016-05-01 18:17:09
293656	2016-05-01 18:08:43	2016-05-01 18:11:56	-73.98322296142578	40.756141662597656	-73.98040771484375	40.75426864624024	1	981.6973999999999	193.0	yellow_tripdata_2016-05	(40.756141662597656, -73.98322296142578)	(40.75426864624024, -73.98040771484375)	(Timestamp('2016-05-01 18:06:43'), Timestamp('2016-05-01 18:13:43'))	(Timestamp('2016-05-01 18:06:43'), Timestamp('2016-05-01 18:21:56'))	42430342	3942050705	253.92552469786312	(42430342, 3944708045, 27001, 27002, 27003, 27004, 27005, 27006, 27007, 27008, 27009, 27010, 27011, 27012, 27013, 27014, 3942050708, 42443556, 3942050706, 26998, 26999, 27000, 3942050705)	2.0	2016-05-01 18:06:42.158309	2016-05-01 18:17:00
292811	2016-05-01 18:10:35	2016-05-01 18:15:46	-73.99267578125	40.75515365600586	-73.99256134033203	40.75104522705078	1	804.67	311.0	yellow_tripdata_2016-05	(40.75515365600586, -73.99267578125)	(40.75104522705078, -73.99256134033203)	(Timestamp('2016-05-01 18:08:35'), Timestamp('2016-05-01 18:15:35'))	(Timestamp('2016-05-01 18:08:35'), Timestamp('2016-05-01 18:25:46'))	34340	26293	301.0321363873684	(34340, 34341, 34342, 34343, 34344, 6211484430, 42433620, 5634, 5635, 5636, 42435654, 6718, 6719, 6720, 6721, 5492236420, 32862, 32863, 32864, 32865, 32866, 32867, 32868, 32869, 32870, 8288270375, 2351527463, 42444985, 8288270378, 40586, 40587, 40588, 8288270384, 42433625, 8288270385, 28540, 28541, 4207913309, 8288270359, 4491359481, 8288270360, 40583, 40584, 40585, 8288270452, 42444964, 2351527464, 8288270450, 40595, 40596, 8657749388, 5175213312, 31253, 31254, 31255, 31256, 31257, 31258, 31259, 31260, 8660596976, 6211484436, 42435646, 8660596952, 25973, 25974, 25975, 25976, 3769557283, 9433, 9434, 9435, 9436, 9437, 9438, 9439, 9440, 9441, 42439955, 9414, 9415, 9416, 42439952, 8037, 8038, 8039, 8040, 42437654, 7782217024, 37531, 37532, 37533, 7590955909, 4461990857, 4631139783, 26308, 26309, 26310, 26311, 26312, 3799572065, 26292, 26293)	9.0	2016-05-01 18:12:27.663203	2016-05-01 18:18:51
291876	2016-05-01 18:07:27	2016-05-01 18:17:18	-73.98229217529298	40.75676727294922	-73.98149108886719	40.76632308959961	1	2800.2516	591.0	yellow_tripdata_2016-05	(40.75676727294922, -73.98229217529298)	(40.76632308959961, -73.98149108886719)	(Timestamp('2016-05-01 18:05:27'), Timestamp('2016-05-01 18:12:27'))	(Timestamp('2016-05-01 18:05:27'), Timestamp('2016-05-01 18:27:18'))	3539	23428	255.1896424213164	(3539, 3540, 42430344, 8373393481, 41514, 41515, 41516, 8318633103, 35116, 35117, 35118, 35119, 35120, 35121, 35122, 35123, 35124, 6597464446, 3974095831, 6596799560, 42428297, 3974095832, 6597464445, 32918, 32919, 5522182777, 4905, 4906, 42432697, 4907, 4908, 4909, 4910, 4911, 4912, 4913, 6598535204, 42432700, 4917, 4918, 5849918503, 23203, 2435108451, 42435675, 2435108457, 6776, 6777, 6778, 42435677, 6773, 6774, 6775, 42435680, 6781, 6782, 4207957615, 4831, 42432589, 4828, 4829, 4830, 42435684, 6789, 6790, 6791, 42435687, 6793, 6794, 6795, 42435702, 6807, 6808, 4207815979, 42435705, 6809, 6810, 4207815980, 6819, 42435707, 6820, 6821, 4207815981, 6822, 42435710, 4449, 4450, 4451, 42431556, 4456, 4457, 4458, 8526802734, 6210777831, 42435714, 6833, 6834, 6835, 6836, 8785244293, 42428329, 6456258924, 8785244287, 23428)	3.0	2016-05-01 18:05:26.249977	2016-05-01 18:22:42
293418	2016-05-01 18:04:48	2016-05-01 18:08:46	-73.98702239990233	40.755950927734375	-73.97818756103516	40.752418518066406	1	1078.2578	238.00000000000003	yellow_tripdata_2016-05	(40.755950927734375, -73.98702239990233)	(40.752418518066406, -73.97818756103516)	(Timestamp('2016-05-01 18:02:48'), Timestamp('2016-05-01 18:09:48'))	(Timestamp('2016-05-01 18:02:48'), Timestamp('2016-05-01 18:18:46'))	6597464530	3955360018	250.821983869815	(6597464530, 9491, 9492, 9493, 42439972, 9489, 9490, 5475605304, 9480, 42439968, 9472, 9473, 9474, 42439964, 6705, 6706, 6707, 6708, 6709, 6710, 6711, 6712, 6713, 6714, 6715, 6716, 6717, 42435654, 1758008333, 6738, 6739, 6740, 42435657, 6722, 6723, 6724, 42435660, 6741, 4207957613, 6750, 6751, 42435663, 6752, 6753, 6754, 6755, 5849918504, 6770, 6771, 6772, 42435671, 4914, 4915, 4916, 42432700, 4917, 4918, 5849918503, 23203, 2435108451, 42435675, 2435108457, 6776, 6777, 6778, 42435677, 6773, 6774, 6775, 42435680, 6781, 6782, 4207957615, 4831, 42432589, 4828, 4829, 4830, 42435684, 6789, 6790, 6791, 42435687, 6793, 6794, 6795, 42435702, 6807, 6808, 4207815979, 42435705, 6809, 6810, 4207815980, 6819, 42435707, 6820, 6821, 4207815981, 6822, 42435710, 4449, 4450, 4451, 42431556, 4459, 4460, 4461, 4462, 4463, 4464, 8785244281, 42428328, 8785244279, 25278, 25279, 25280, 3463816119, 42428321, 3463816116, 25269, 25270, 25271, 8785244254, 42428315, 8785244261, 41968, 41969, 41970, 8785244242, 42428313, 8785244250, 27274, 27275, 27276, 3977886874, 42428312, 3977886871, 27268, 27269, 27270, 3977886866, 42428310, 3977886863, 23207, 23208, 23209, 2435108453, 42428308, 4322008116, 2435108447, 23201, 4207978589, 28590, 4782363329, 2782279879, 42440001, 2782279859, 21885, 21886, 21887, 21888, 1745991214, 21889, 21890, 3971196629, 27111, 27112, 27113, 27114, 27115, 27116, 3971196627, 42430358, 3971196626, 27110, 4782442668, 26536, 26537, 26538, 26539, 26540, 26541, 26542, 3855009862, 4549080329, 21050, 21051, 805764974, 21052, 6814933413, 6814895823, 27212, 3977886225, 42440153, 3977886224, 4782442665, 27206, 27207, 27208, 27209, 27210, 3977886220, 42445928, 3977886221, 27211, 8714998591, 28580, 4207952791, 9722, 42440453, 9719, 9720, 9721, 3977886229, 42445930, 3977886236, 27224, 8715333203, 4207952792, 4960516277, 3977886239, 42436701, 3977886242, 27228, 27229, 27230, 3977886246, 42445936, 12156, 12157, 12158, 12159, 12160, 12161, 12162, 596775919, 20670, 20671, 20672, 3977886235, 596775900, 3977886228, 20661, 20662, 20663, 596775914, 20640, 20641, 20642, 596775876, 20645, 20646, 20647, 3977886201, 596775870, 14762, 42459098, 3977886196, 27185, 27186, 27187, 27188, 27189, 27190, 3977886190, 42446991, 3977886187, 8769, 8770, 8771, 42438889, 8765, 8766, 8767, 8768, 42446987, 12650, 12651, 12652, 42446986, 5730, 5731, 5732, 42434085, 5727, 5728, 5729, 42444049, 11364, 11365, 11366, 42446977, 12637, 12638, 12639, 42446971, 12625, 12626, 12627, 12628, 42446959, 12632, 12633, 12634, 12635, 12636, 7234050796, 19319, 561042204, 3842788777, 561042203, 19317, 19318, 3955360018)	2.0	2016-05-01 18:02:47.169445	2016-05-01 18:15:32
295451	2016-05-01 18:15:52	2016-05-01 18:18:57	-73.9861831665039	40.75921630859375	-73.98182678222656	40.75732421875	1	482.80199999999996	185.0	yellow_tripdata_2016-05	(40.75921630859375, -73.9861831665039)	(40.75732421875, -73.98182678222656)	(Timestamp('2016-05-01 18:13:52'), Timestamp('2016-05-01 18:20:52'))	(Timestamp('2016-05-01 18:13:52'), Timestamp('2016-05-01 18:28:57'))	3573482142	22838	235.48305970157463	(3573482142, 25461, 25462, 5522182776, 32917, 6597429952, 2435108434, 42428300, 2435108450, 4578044147, 42439990, 6598535188, 5475605303, 29875, 29876, 4707407261, 42428297, 6597464486, 27144, 27145, 27146, 3974095829, 42439984, 3974095826, 27141, 27142, 27143, 3974095825, 42439981, 3974095823, 27130, 27131, 27132, 3974095821, 42437363, 6597464530, 9491, 9492, 9493, 42439972, 9489, 9490, 5475605304, 9480, 42439968, 9481, 9482, 9483, 9484, 6597473554, 42428277, 1982, 1983, 1984, 1985, 1986, 1987, 1988, 1989, 42430324, 3510, 3511, 3512, 42430329, 3515, 3516, 3517, 8375523268, 42430333, 8375523266, 1751440889, 3531, 3532, 3533, 42430338, 3521, 3522, 3523, 42430342, 3534, 3535, 3536, 42430344, 3541, 3542, 3543, 3944708054, 42430347, 3944708055, 22838)	4.0	2016-05-01 18:18:04.184243	2016-05-01 18:27:03
297052	2016-05-01 18:16:46	2016-05-01 18:24:04	-73.98603057861328	40.75754165649414	-73.97801208496092	40.75236892700195	1	1062.1644	438.0	yellow_tripdata_2016-05	(40.75754165649414, -73.98603057861328)	(40.75236892700195, -73.97801208496092)	(Timestamp('2016-05-01 18:14:46'), Timestamp('2016-05-01 18:21:46'))	(Timestamp('2016-05-01 18:14:46'), Timestamp('2016-05-01 18:34:04'))	27146	19318	262.0062515262101	(27146, 3974095829, 42439984, 3974095826, 27141, 27142, 27143, 3974095825, 42439981, 3974095823, 27130, 27131, 27132, 3974095821, 42437363, 6597464530, 9491, 9492, 9493, 42439972, 9489, 9490, 5475605304, 9480, 42439968, 9472, 9473, 9474, 42439964, 6705, 6706, 6707, 6708, 6709, 6710, 6711, 6712, 6713, 6714, 6715, 6716, 6717, 42435654, 1758008333, 6738, 6739, 6740, 42435657, 6722, 6723, 6724, 42435660, 6741, 4207957613, 6750, 6751, 42435663, 6752, 6753, 6754, 6755, 5849918504, 6770, 6771, 6772, 42435671, 4914, 4915, 4916, 42432700, 4917, 4918, 5849918503, 23203, 2435108451, 42435675, 2435108457, 6776, 6777, 6778, 42435677, 6773, 6774, 6775, 42435680, 6781, 6782, 4207957615, 4831, 42432589, 4828, 4829, 4830, 42435684, 6789, 6790, 6791, 42435687, 6793, 6794, 6795, 42435702, 6807, 6808, 4207815979, 42435705, 6809, 6810, 4207815980, 6819, 42435707, 6820, 6821, 4207815981, 6822, 42435710, 4449, 4450, 4451, 42431556, 4459, 4460, 4461, 4462, 4463, 4464, 8785244281, 42428328, 8785244279, 25278, 25279, 25280, 3463816119, 42428321, 3463816116, 25269, 25270, 25271, 8785244254, 42428315, 8785244261, 41968, 41969, 41970, 8785244242, 42428313, 8785244250, 27274, 27275, 27276, 3977886874, 42428312, 3977886871, 27268, 27269, 27270, 3977886866, 42428310, 3977886863, 23207, 23208, 23209, 2435108453, 42428308, 4322008116, 2435108447, 23201, 4207978589, 28590, 4782363329, 2782279879, 42440001, 2782279859, 21885, 21886, 21887, 21888, 1745991214, 21889, 21890, 3971196629, 27111, 27112, 27113, 27114, 27115, 27116, 3971196627, 42430358, 3971196626, 27110, 4782442668, 26536, 26537, 26538, 26539, 26540, 26541, 26542, 3855009862, 4549080329, 21050, 21051, 805764974, 21052, 6814933413, 6814895823, 27212, 3977886225, 42440153, 3977886224, 4782442665, 27206, 27207, 27208, 27209, 27210, 3977886220, 42445928, 3977886221, 27211, 8714998591, 28580, 4207952791, 9722, 42440453, 9719, 9720, 9721, 3977886229, 42445930, 3977886236, 27224, 8715333203, 4207952792, 4960516277, 3977886239, 42436701, 3977886242, 27228, 27229, 27230, 3977886246, 42445936, 12156, 12157, 12158, 12159, 12160, 12161, 12162, 596775919, 20670, 20671, 20672, 3977886235, 596775900, 3977886228, 20661, 20662, 20663, 596775914, 20640, 20641, 20642, 596775876, 20645, 20646, 20647, 3977886201, 596775870, 14762, 42459098, 3977886196, 27185, 27186, 27187, 27188, 27189, 27190, 3977886190, 42446991, 3977886187, 8769, 8770, 8771, 42438889, 8765, 8766, 8767, 8768, 42446987, 12650, 12651, 12652, 42446986, 5730, 5731, 5732, 42434085, 5727, 5728, 5729, 42444049, 11364, 11365, 11366, 42446977, 12637, 12638, 12639, 42446971, 12625, 12626, 12627, 12628, 42446959, 12632, 12633, 12634, 12635, 12636, 7234050796, 19319, 561042204, 3842788777, 561042203, 19317, 19318)	4.0	2016-05-01 18:18:17.926786	2016-05-01 18:31:34
295518	2016-05-01 18:16:00	2016-05-01 18:22:57	-73.97723388671875	40.76102828979492	-73.98519897460938	40.75852584838867	1	1013.8842	417.0	yellow_tripdata_2016-05	(40.76102828979492, -73.97723388671875)	(40.75852584838867, -73.98519897460938)	(Timestamp('2016-05-01 18:14:00'), Timestamp('2016-05-01 18:21:00'))	(Timestamp('2016-05-01 18:14:00'), Timestamp('2016-05-01 18:32:57'))	27162	6598535188	81.23806387783672	(27162, 27163, 27164, 27165, 3976008162, 1745856081, 21873, 21874, 4207938835, 27121, 3971302309, 42430367, 3971302311, 27123, 27124, 27125, 3977886868, 42430371, 3974095847, 27148, 27149, 5402554393, 3584, 42430375, 3585, 7917202635, 3598, 3599, 42430378, 3586, 3587, 3588, 3589, 42430384, 3607, 3606, 5402554392, 26962, 26963, 26964, 26965, 26966, 26967, 3932923797, 9518, 9517, 9516, 9515, 9514, 42440022, 9521, 4794775932, 4794775935, 23427, 2653473655, 23431, 23430, 23429, 23428, 8785244287, 6456258924, 42428329, 8785244291, 41971, 41972, 41973, 8785244272, 42428328, 8785244279, 25278, 25279, 25280, 3463816119, 42428321, 3463816116, 25269, 25270, 25271, 8785244254, 42428315, 8785244261, 41968, 41969, 41970, 8785244242, 42428313, 8785244250, 27274, 27275, 27276, 3977886874, 42428312, 3977886871, 27268, 27269, 27270, 3977886866, 42428310, 3977886863, 23207, 23208, 23209, 2435108453, 42428308, 2435108455, 23210, 23211, 23212, 2435108454, 42428307, 2435108444, 23198, 23199, 23200, 2435108460, 42428305, 4322008118, 9507, 9508, 42439996, 9497, 9498, 9499, 42439994, 6598535157, 35130, 35131, 35132, 6598535159, 42439990, 6598535188)	3.0	2016-05-01 18:14:20.165586	2016-05-01 18:27:12
289285	2016-05-01 18:02:07	2016-05-01 18:08:39	-73.99127960205078	40.75537872314453	-73.98675537109375	40.76154708862305	1	643.736	392.0	yellow_tripdata_2016-05	(40.75537872314453, -73.99127960205078)	(40.76154708862305, -73.98675537109375)	(Timestamp('2016-05-01 18:00:07'), Timestamp('2016-05-01 18:07:07'))	(Timestamp('2016-05-01 18:00:07'), Timestamp('2016-05-01 18:18:39'))	6718	4207957615	53.25178678182015	(6718, 6719, 6720, 6721, 5492236420, 32862, 32863, 32864, 32865, 32866, 32867, 32868, 32869, 32870, 8288270375, 2351527463, 42444985, 8288270379, 21804, 21805, 1727780310, 18408, 18409, 427845251, 18406, 18407, 593977713, 20054, 20055, 20056, 20057, 20058, 8288270407, 42423885, 8288270411, 428219648, 18435, 18436, 8288270424, 42446504, 8288270422, 428219734, 807, 808, 809, 810, 811, 812, 42424789, 8288270428, 593977715, 4604291692, 4604291690, 4604290488, 29762, 7903850299, 42434434, 7903850301, 6243, 6244, 6245, 42434439, 6242, 6241, 6240, 6239, 6238, 6237, 42437368, 2351532382, 8750636592, 33513, 33514, 33515, 33516, 33517, 5858721092, 33512, 33511, 6353650679, 34967, 7095733937, 6761, 6762, 42435663, 6752, 6753, 6754, 6755, 5849918504, 6770, 6771, 6772, 42435671, 4914, 4915, 4916, 42432700, 4917, 4918, 5849918503, 23203, 2435108451, 42435675, 2435108457, 6776, 6777, 6778, 42435677, 6773, 6774, 6775, 42435680, 6781, 6782, 4207957615)	9.0	2016-05-01 18:00:06.096889	2016-05-01 18:01:30
294596	2016-05-01 18:12:14	2016-05-01 18:53:11	-73.97855377197266	40.75848388671875	-73.9872817993164	40.761192321777344	1	6630.4808	2457.0	yellow_tripdata_2016-05	(40.75848388671875, -73.97855377197266)	(40.761192321777344, -73.9872817993164)	(Timestamp('2016-05-01 18:10:14'), Timestamp('2016-05-01 18:17:14'))	(Timestamp('2016-05-01 18:10:14'), Timestamp('2016-05-01 19:03:11'))	21047	23110	398.7754675820772	(21047, 21048, 4799735130, 3855009864, 26551, 26552, 26553, 26554, 26555, 26556, 26557, 26558, 3971196621, 42430356, 3971196623, 27106, 4782506031, 27107, 27108, 27109, 3971196624, 21879, 21880, 1745991212, 21881, 21882, 21883, 21884, 4782363332, 42432585, 4782363331, 4782363335, 23202, 2435108449, 4322008117, 42428307, 2435108444, 23198, 23199, 23200, 2435108460, 42428305, 2435108459, 23194, 23195, 23196, 2435108435, 42428303, 2435108461, 23213, 23214, 23215, 23216, 23217, 23218, 23219, 23220, 8250892563, 6779, 6780, 42435677, 6210777836, 34300, 34301, 34302, 34303, 34304, 34305, 34306, 34307, 34308, 34309, 34310, 34311, 8646554909, 2351532371, 42445020, 8646554910, 13821, 13822, 13823, 13824, 13825, 13826, 13827, 13828, 13829, 13830, 13831, 13832, 13833, 42452365, 11106, 11107, 11108, 42443534, 11087, 11088, 11089, 11090, 11091, 11092, 11093, 11094, 11095, 11096, 11097, 11098, 11099, 42443532, 2351532361, 23099, 23100, 23101, 23102, 23103, 23104, 23105, 23106, 23107, 23108, 23109, 23110)	4.0	2016-05-01 18:15:38.413745	2016-05-01 18:37:18
295776	2016-05-01 18:16:10	2016-05-01 18:25:44	-73.98453521728516	40.759231567382805	-73.9895248413086	40.75724411010742	1	1126.5379999999998	574.0	yellow_tripdata_2016-05	(40.759231567382805, -73.98453521728516)	(40.75724411010742, -73.9895248413086)	(Timestamp('2016-05-01 18:14:10'), Timestamp('2016-05-01 18:21:10'))	(Timestamp('2016-05-01 18:14:10'), Timestamp('2016-05-01 18:35:44'))	42439994	6760	37.67281660502288	(42439994, 2435108432, 23193, 2435108448, 42428303, 2435108461, 23213, 23214, 23215, 23216, 23217, 23218, 23219, 23220, 8250892563, 6779, 6780, 42435677, 6210777836, 34300, 34301, 34302, 34303, 34304, 34305, 34306, 34307, 34308, 34309, 34310, 34311, 8646554909, 2351532371, 42445020, 8646554913, 28581, 4207957614, 11652, 42445018, 4935, 4936, 4937, 4938, 42432703, 4932, 4933, 4934, 42443561, 11144, 11145, 11146, 42445011, 7872, 7873, 7874, 7875, 42437368, 2351532382, 8750636592, 33513, 33514, 33515, 33516, 33517, 5858721092, 33512, 33511, 6353650679, 34967, 7095733937, 6761, 6762, 42435663, 6760)	2.0	2016-05-01 18:20:51.532560	2016-05-01 18:30:53
294506	2016-05-01 18:12:08	2016-05-01 18:21:54	-73.9856719970703	40.757930755615234	-73.99417114257811	40.759101867675774	1	885.1370000000001	586.0	yellow_tripdata_2016-05	(40.757930755615234, -73.9856719970703)	(40.759101867675774, -73.99417114257811)	(Timestamp('2016-05-01 18:10:08'), Timestamp('2016-05-01 18:17:08'))	(Timestamp('2016-05-01 18:10:08'), Timestamp('2016-05-01 18:31:54'))	6597464486	7894	57.1722590380986	(6597464486, 27144, 27145, 27146, 3974095829, 42439984, 3974095826, 27141, 27142, 27143, 3974095825, 42439981, 3974095823, 27130, 27131, 27132, 3974095821, 42437363, 6597464530, 9491, 9492, 9493, 42439972, 9489, 9490, 5475605304, 9480, 42439968, 9472, 9473, 9474, 42439964, 6705, 6706, 6707, 6708, 6709, 6710, 6711, 6712, 6713, 6714, 6715, 6716, 6717, 42435654, 6718, 6719, 6720, 6721, 5492236420, 32862, 32863, 32864, 32865, 32866, 32867, 32868, 32869, 32870, 8288270375, 2351527463, 42444985, 8288270379, 21804, 21805, 1727780310, 18408, 18409, 427845251, 18406, 18407, 593977713, 20054, 20055, 20056, 20057, 20058, 8288270407, 42423885, 8288270411, 428219648, 18435, 18436, 8288270424, 42446504, 8288270422, 428219734, 807, 808, 809, 810, 811, 812, 42424789, 8288270428, 593977715, 4604291692, 4604291690, 4604290488, 29762, 7903850299, 42434434, 7903850301, 6243, 6244, 6245, 42434439, 8393241417, 7894)	9.0	2016-05-01 18:10:49.241605	2016-05-01 18:13:18
293995	2016-05-01 18:09:04	2016-05-01 18:13:04	-73.98882293701173	40.75830078125	-73.99209594726561	40.76443862915039	1	1078.2578	240.00000000000003	yellow_tripdata_2016-05	(40.75830078125, -73.98882293701173)	(40.76443862915039, -73.99209594726561)	(Timestamp('2016-05-01 18:07:04'), Timestamp('2016-05-01 18:14:04'))	(Timestamp('2016-05-01 18:07:04'), Timestamp('2016-05-01 18:23:04'))	6772	4851	123.37724527260788	(6772, 42435671, 4914, 4915, 4916, 42432700, 4917, 4918, 5849918503, 23203, 2435108451, 42435675, 2435108457, 6776, 6777, 6778, 42435677, 6210777836, 34300, 34301, 34302, 34303, 34304, 34305, 34306, 34307, 34308, 34309, 34310, 34311, 8646554909, 2351532371, 42445020, 8646554910, 13821, 13822, 13823, 13824, 13825, 13826, 13827, 13828, 13829, 13830, 13831, 13832, 13833, 42452365, 11106, 11107, 11108, 42443534, 4853, 4854, 4855, 42432598, 4850, 4851)	2.0	2016-05-01 18:07:47.258770	2016-05-01 18:09:53
293812	2016-05-01 18:05:27	2016-05-01 18:10:44	-73.98764038085938	40.75558853149414	-73.97730255126953	40.75857162475586	1	1271.3786	317.0	yellow_tripdata_2016-05	(40.75558853149414, -73.98764038085938)	(40.75857162475586, -73.97730255126953)	(Timestamp('2016-05-01 18:03:27'), Timestamp('2016-05-01 18:10:27'))	(Timestamp('2016-05-01 18:03:27'), Timestamp('2016-05-01 18:20:44'))	9485	3977886225	249.2926043857841	(9485, 9486, 9487, 9488, 5022414760, 5022414759, 6742, 6743, 6744, 6745, 6746, 6747, 6748, 6749, 42435660, 6741, 4207957613, 6750, 6751, 42435663, 6752, 6753, 6754, 6755, 5849918504, 6770, 6771, 6772, 42435671, 4914, 4915, 4916, 42432700, 4917, 4918, 5849918503, 23203, 2435108451, 42435675, 2435108457, 6776, 6777, 6778, 42435677, 6773, 6774, 6775, 42435680, 6781, 6782, 4207957615, 4831, 42432589, 4828, 4829, 4830, 42435684, 6789, 6790, 6791, 42435687, 6793, 6794, 6795, 42435702, 6807, 6808, 4207815979, 42435705, 6809, 6810, 4207815980, 6819, 42435707, 6820, 6821, 4207815981, 6822, 42435710, 4449, 4450, 4451, 42431556, 4459, 4460, 4461, 4462, 4463, 4464, 8785244281, 42428328, 8785244279, 25278, 25279, 25280, 3463816119, 42428321, 3463816116, 25269, 25270, 25271, 8785244254, 42428315, 8785244261, 41968, 41969, 41970, 8785244242, 42428313, 8785244250, 27274, 27275, 27276, 3977886874, 42428312, 3977886871, 27268, 27269, 27270, 3977886866, 42428310, 3977886863, 23207, 23208, 23209, 2435108453, 42428308, 4322008116, 2435108447, 23201, 4207978589, 28590, 4782363329, 2782279879, 42440001, 2782279859, 21885, 21886, 21887, 21888, 1745991214, 21889, 21890, 3971196629, 27111, 27112, 27113, 27114, 27115, 27116, 3971196627, 42430358, 3971196626, 27110, 4782442668, 26536, 26537, 26538, 26539, 26540, 26541, 26542, 3855009862, 4549080329, 21050, 21051, 805764974, 21052, 6814933413, 6814895823, 27212, 3977886225)	2.0	2016-05-01 18:03:26.624325	2016-05-01 18:14:26
