	i	j	load	slack	cost	est_time_arr	est_time_dep	iv
0	42428297	0	0	0.0	0	2016-05-01 17:50:00.000000	2016-05-01 17:50:00.000000	0
1	42428297	855	0		0	2016-05-01 17:50:00.000000		0
0	42428297	776	0	0.0	0	2016-05-01 17:50:00.000000	2016-05-01 17:50:00.000000	1
1	42428297	856	0		0	2016-05-01 17:50:00.000000		1
0	42428297	777	0	0.0	0	2016-05-01 17:50:00.000000	2016-05-01 17:50:00.000000	2
1	42428297	857	0		0	2016-05-01 17:50:00.000000		2
0	42428297	778	0	0.0	0	2016-05-01 17:50:00.000000	2016-05-01 17:50:00.000000	3
1	42428297	858	0		0	2016-05-01 17:50:00.000000		3
0	42428297	779	0	0.0	0	2016-05-01 17:50:00.000000	2016-05-01 17:50:00.000000	4
1	42428297	859	0		0	2016-05-01 17:50:00.000000		4
0	42428297	780	0	0.0	0	2016-05-01 17:50:00.000000	2016-05-01 17:50:00.000000	5
1	42428297	860	0		0	2016-05-01 17:50:00.000000		5
0	42428297	781	0	0.0	0	2016-05-01 17:50:00.000000	2016-05-01 17:50:00.000000	6
1	42428297	861	0		0	2016-05-01 17:50:00.000000		6
0	42428297	782	0	0.0	0	2016-05-01 17:50:00.000000	2016-05-01 17:50:00.000000	7
1	42428297	862	0		0	2016-05-01 17:50:00.000000		7
0	42428297	783	0	0.0	0	2016-05-01 17:50:00.000000	2016-05-01 17:50:00.000000	8
1	42428297	863	0		0	2016-05-01 17:50:00.000000		8
0	42428297	784	0	0.0	0	2016-05-01 17:50:00.000000	2016-05-01 17:50:00.000000	9
1	42428297	864	0		0	2016-05-01 17:50:00.000000		9
0	42428297	785	0	0.0	0	2016-05-01 17:50:00.000000	2016-05-01 17:50:00.000000	10
1	42428297	865	0		0	2016-05-01 17:50:00.000000		10
0	42428297	786	0	0.0	0	2016-05-01 17:50:00.000000	2016-05-01 17:50:00.000000	11
1	42428297	866	0		0	2016-05-01 17:50:00.000000		11
0	42428297	787	0	0.0	0	2016-05-01 17:50:00.000000	2016-05-01 17:50:00.000000	12
1	42428297	867	0		0	2016-05-01 17:50:00.000000		12
0	42428297	788	0	0.0	0	2016-05-01 17:50:00.000000	2016-05-01 17:50:00.000000	13
1	42428297	868	0		0	2016-05-01 17:50:00.000000		13
0	42428297	789	0	0.0	0	2016-05-01 17:50:00.000000	2016-05-01 17:50:00.000000	14
1	42428297	869	0		0	2016-05-01 17:50:00.000000		14
0	42428297	790	0	0.0	0	2016-05-01 17:50:00.000000	2016-05-01 17:50:00.000000	15
1	42428297	870	0		0	2016-05-01 17:50:00.000000		15
0	42428297	791	0	0.0	0	2016-05-01 17:50:00.000000	2016-05-01 17:50:00.000000	16
1	42428297	871	0		0	2016-05-01 17:50:00.000000		16
0	42428297	792	0	0.0	0	2016-05-01 17:50:00.000000	2016-05-01 17:50:00.000000	17
1	42428297	872	0		0	2016-05-01 17:50:00.000000		17
0	42428297	793	0	0.0	0	2016-05-01 17:50:00.000000	2016-05-01 17:50:00.000000	18
1	42428297	873	0		0	2016-05-01 17:50:00.000000		18
0	42428297	794	0	0.0	0	2016-05-01 17:50:00.000000	2016-05-01 17:50:00.000000	19
1	42428297	874	0		0	2016-05-01 17:50:00.000000		19
0	42428297	795	0	0.0	0	2016-05-01 17:50:00.000000	2016-05-01 17:50:00.000000	20
1	42428297	875	0		0	2016-05-01 17:50:00.000000		20
0	42428297	796	0	0.0	0	2016-05-01 17:50:00.000000	2016-05-01 17:50:00.000000	21
1	42428297	876	0		0	2016-05-01 17:50:00.000000		21
0	42428297	797	0	227.0	0	2016-05-01 17:50:00.000000	2016-05-01 17:53:46.238081	22
1	274681226	519	0		445	2016-05-01 18:01:12.000000	2016-05-01 18:01:11.959664	22
2	20079	719	1		714	2016-05-01 18:05:41.000000	2016-05-01 18:05:40.511724	22
3	42428297	877	0		1024	2016-05-01 18:10:51.000000		22
0	42428297	798	0	239.0	0	2016-05-01 17:50:00.000000	2016-05-01 17:53:58.837376	23
1	1397	504	0		415	2016-05-01 18:00:54.000000	2016-05-01 18:00:53.384396	23
2	6034	514	1		593	2016-05-01 18:03:52.000000	2016-05-01 18:03:51.660176	23
3	6662	417	2		698	2016-05-01 18:05:37.000000	2016-05-01 18:05:36.260594	23
4	9619	617	3		1051	2016-05-01 18:11:30.000000	2016-05-01 18:11:29.719200	23
5	23610	714	2		1352	2016-05-01 18:16:31.000000	2016-05-01 18:16:30.492767	23
6	26472	704	1		1561	2016-05-01 18:20:00.000000	2016-05-01 18:19:59.816160	23
7	42428297	878	0		1821	2016-05-01 18:24:20.000000		23
0	42428297	799	0	266.0	0	2016-05-01 17:50:00.000000	2016-05-01 17:54:25.561120	24
1	12683	501	0		386	2016-05-01 18:00:52.000000	2016-05-01 18:00:51.112373	24
2	7406	701	1		727	2016-05-01 18:06:33.000000	2016-05-01 18:06:32.617667	24
3	42428297	879	0		1181	2016-05-01 18:14:07.000000		24
0	42428297	800	0	293.0	0	2016-05-01 17:50:00.000000	2016-05-01 17:54:52.835631	25
1	23784	503	0		360	2016-05-01 18:00:53.000000	2016-05-01 18:00:52.805570	25
2	6550	571	1		885	2016-05-01 18:09:38.000000	2016-05-01 18:09:37.910510	25
3	39435	771	2		994	2016-05-01 18:11:27.000000	2016-05-01 18:11:26.535216	25
4	42445390	703	1		1088	2016-05-01 18:13:01.000000	2016-05-01 18:13:00.928868	25
5	42428297	880	0		1365	2016-05-01 18:17:38.000000		25
0	42428297	801	0	187.0	0	2016-05-01 17:50:00.000000	2016-05-01 17:53:06.388423	26
1	7405	430	0		356	2016-05-01 17:59:03.000000	2016-05-01 17:59:23.030952	26
2	12180	450	1		363	2016-05-01 17:59:31.000000	2016-05-01 17:59:30.790026	26
3	4347534780	650	2		620	2016-05-01 18:03:48.000000	2016-05-01 18:03:47.326524	26
4	4234425056	630	1		694	2016-05-01 18:05:02.000000	2016-05-01 18:05:01.173037	26
5	42428297	881	0		965	2016-05-01 18:09:33.000000		26
0	42428297	802	0	49.0	0	2016-05-01 17:50:00.000000	2016-05-01 17:50:48.038684	27
1	5117991237	407	0		463	2016-05-01 17:58:32.000000	2016-05-01 17:58:31.580563	27
2	7515300914	393	1		547	2016-05-01 17:59:56.000000	2016-05-01 17:59:55.888033	27
3	2653531887	490	2		648	2016-05-01 18:01:37.000000	2016-05-01 18:01:36.817167	27
4	4947	690	3		972	2016-05-01 18:07:01.000000	2016-05-01 18:07:00.779034	27
5	5542715078	593	2		1356	2016-05-01 18:13:25.000000	2016-05-01 18:13:24.859693	27
6	4207957613	607	1		1471	2016-05-01 18:15:20.000000	2016-05-01 18:15:19.036284	27
7	42428297	882	0		1532	2016-05-01 18:16:21.000000		27
0	42428297	803	0	82.0	0	2016-05-01 17:50:00.000000	2016-05-01 17:51:21.016772	28
1	6288	415	0		437	2016-05-01 17:58:39.000000	2016-05-01 17:58:38.570584	28
2	41691	382	1		679	2016-05-01 18:02:41.000000	2016-05-01 18:02:40.885605	28
3	37821	615	2		753	2016-05-01 18:03:55.000000	2016-05-01 18:03:54.158855	28
4	37816	447	1		814	2016-05-01 18:04:56.000000	2016-05-01 18:04:55.980716	28
5	19251	647	2		944	2016-05-01 18:07:06.000000	2016-05-01 18:07:05.383331	28
6	13899	582	1		1027	2016-05-01 18:08:29.000000	2016-05-01 18:08:28.819551	28
7	42428297	883	0		1443	2016-05-01 18:15:25.000000		28
0	42428297	804	0	275.0	0	2016-05-01 17:50:00.000000	2016-05-01 17:54:34.146622	29
1	8262309019	431	0		271	2016-05-01 17:59:06.000000	2016-05-01 17:59:05.255643	29
2	29306	513	1		405	2016-05-01 18:01:20.000000	2016-05-01 18:01:19.162776	29
3	42445888	445	2		698	2016-05-01 18:06:13.000000	2016-05-01 18:06:12.885397	29
4	6534229345	645	3		948	2016-05-01 18:10:23.000000	2016-05-01 18:10:22.758087	29
5	11662	713	2		979	2016-05-01 18:10:54.000000	2016-05-01 18:10:53.683557	29
6	9253	631	1		1290	2016-05-01 18:16:05.000000	2016-05-01 18:16:04.455297	29
7	42428297	884	0		1795	2016-05-01 18:24:30.000000		29
0	42428297	805	0	496.0	0	2016-05-01 17:50:00.000000	2016-05-01 17:58:15.586225	30
1	9257	569	0		267	2016-05-01 18:02:43.000000	2016-05-01 18:02:42.230876	30
2	3833109159	769	1		802	2016-05-01 18:11:38.000000	2016-05-01 18:11:37.174793	30
3	42428297	885	0		1236	2016-05-01 18:18:52.000000		30
0	42428297	806	0	267.0	0	2016-05-01 17:50:00.000000	2016-05-01 17:54:26.817165	31
1	3971196627	423	0		265	2016-05-01 17:58:52.000000	2016-05-01 17:59:19.000000	31
2	3971196627	443	1		267	2016-05-01 17:59:21.000000	2016-05-01 17:59:20.002659	31
3	4259278554	561	2		515	2016-05-01 18:03:29.000000	2016-05-01 18:03:28.052203	31
4	13901	761	3		550	2016-05-01 18:04:04.000000	2016-05-01 18:04:03.082569	31
5	12588	643	2		822	2016-05-01 18:08:36.000000	2016-05-01 18:08:35.858036	31
6	25273	623	1		1028	2016-05-01 18:12:02.000000	2016-05-01 18:12:01.410705	31
7	42428297	886	0		1242	2016-05-01 18:15:36.000000		31
0	42428297	807	0	421.0	0	2016-05-01 17:50:00.000000	2016-05-01 17:57:00.442160	32
1	11621	526	0		264	2016-05-01 18:01:25.000000	2016-05-01 18:01:24.972870	32
2	9811	726	1		783	2016-05-01 18:10:04.000000	2016-05-01 18:10:03.937392	32
3	42428297	887	0		1043	2016-05-01 18:14:24.000000		32
0	42428297	808	0	375.0	0	2016-05-01 17:50:00.000000	2016-05-01 17:56:14.196270	33
1	5095	493	0		258	2016-05-01 18:00:33.000000	2016-05-01 18:00:32.407530	33
2	5607992554	395	1		307	2016-05-01 18:01:22.000000	2016-05-01 18:01:21.355589	33
3	13280	570	2		510	2016-05-01 18:04:45.000000	2016-05-01 18:04:44.330506	33
4	18382	770	3		725	2016-05-01 18:08:20.000000	2016-05-01 18:08:19.351342	33
5	26967	595	2		972	2016-05-01 18:12:27.000000	2016-05-01 18:12:26.563968	33
6	5117991231	693	1		1384	2016-05-01 18:19:19.000000	2016-05-01 18:19:18.821307	33
7	42428297	888	0		1662	2016-05-01 18:23:57.000000		33
0	42428297	809	0	424.0	0	2016-05-01 17:50:00.000000	2016-05-01 17:57:03.264246	34
1	12659	520	0		250	2016-05-01 18:01:14.000000	2016-05-01 18:01:13.474309	34
2	42434959	442	1		498	2016-05-01 18:05:22.000000	2016-05-01 18:05:21.340052	34
3	4555838817	642	2		614	2016-05-01 18:07:18.000000	2016-05-01 18:07:17.485003	34
4	33995	720	1		1131	2016-05-01 18:15:55.000000	2016-05-01 18:15:54.256493	34
5	42428297	889	0		1504	2016-05-01 18:22:08.000000		34
0	42428297	810	0	273.0	0	2016-05-01 17:50:00.000000	2016-05-01 17:54:32.215448	35
1	40584	377	0		208	2016-05-01 17:58:01.000000	2016-05-01 17:58:00.223818	35
2	5635	379	1		462	2016-05-01 18:02:15.000000	2016-05-01 18:02:14.488657	35
3	11128	529	2		645	2016-05-01 18:05:18.000000	2016-05-01 18:05:17.560371	35
4	27166	729	3		706	2016-05-01 18:06:19.000000	2016-05-01 18:06:18.763982	35
5	19969	579	2		942	2016-05-01 18:10:15.000000	2016-05-01 18:10:14.601076	35
6	6011	577	1		1217	2016-05-01 18:14:50.000000	2016-05-01 18:14:49.215952	35
7	42428297	890	0		1717	2016-05-01 18:23:10.000000		35
0	42428297	811	0	375.0	0	2016-05-01 17:50:00.000000	2016-05-01 17:56:14.907047	36
1	3440	462	0		206	2016-05-01 17:59:41.000000	2016-05-01 18:01:04.026097	36
2	1544	564	1		292	2016-05-01 18:02:31.000000	2016-05-01 18:02:30.624660	36
3	1539	427	2		360	2016-05-01 18:03:39.000000	2016-05-01 18:03:38.071365	36
4	6223969262	463	3		528	2016-05-01 18:06:27.000000	2016-05-01 18:06:26.216411	36
5	21365	663	4		737	2016-05-01 18:09:56.000000	2016-05-01 18:09:55.271360	36
6	27334	627	3		867	2016-05-01 18:12:06.000000	2016-05-01 18:12:05.634040	36
7	12605	764	2		956	2016-05-01 18:13:35.000000	2016-05-01 18:13:34.338532	36
8	3352	662	1		1105	2016-05-01 18:16:04.000000	2016-05-01 18:16:03.028876	36
9	42428297	891	0		1574	2016-05-01 18:23:53.000000		36
0	42428297	812	0	429.0	0	2016-05-01 17:50:00.000000	2016-05-01 17:57:08.374930	37
1	7837165577	494	0		205	2016-05-01 18:00:34.000000	2016-05-01 18:00:33.958998	37
2	12397	488	1		406	2016-05-01 18:03:55.000000	2016-05-01 18:03:54.514855	37
3	33975	688	2		801	2016-05-01 18:10:30.000000	2016-05-01 18:10:29.212157	37
4	29732	694	1		1627	2016-05-01 18:24:16.000000	2016-05-01 18:24:15.532583	37
5	42428297	892	0		2368	2016-05-01 18:36:37.000000		37
0	42428297	813	0	303.0	0	2016-05-01 17:50:00.000000	2016-05-01 17:55:02.066002	38
1	3558	404	0		204	2016-05-01 17:58:27.000000	2016-05-01 17:58:26.100147	38
2	37970	446	1		360	2016-05-01 18:01:03.000000	2016-05-01 18:01:02.008770	38
3	6700	500	2		390	2016-05-01 18:01:33.000000	2016-05-01 18:01:32.365338	38
4	13821	700	3		596	2016-05-01 18:04:59.000000	2016-05-01 18:04:58.289460	38
5	28526	646	2		951	2016-05-01 18:10:54.000000	2016-05-01 18:10:53.252502	38
6	7877	604	1		1216	2016-05-01 18:15:19.000000	2016-05-01 18:15:18.064314	38
7	42428297	893	0		1338	2016-05-01 18:17:21.000000		38
0	42428297	814	0	566.0	0	2016-05-01 17:50:00.000000	2016-05-01 17:59:25.928175	39
1	1524	573	0		199	2016-05-01 18:02:45.000000	2016-05-01 18:02:44.574615	39
2	32259	406	1		202	2016-05-01 18:02:48.000000	2016-05-01 18:02:47.086342	39
3	1939	421	2		349	2016-05-01 18:05:15.000000	2016-05-01 18:05:14.115294	39
4	12388	621	3		774	2016-05-01 18:12:20.000000	2016-05-01 18:12:19.689201	39
5	5235625493	606	2		863	2016-05-01 18:13:49.000000	2016-05-01 18:13:48.544154	39
6	3336	773	1		1062	2016-05-01 18:17:08.000000	2016-05-01 18:17:07.851455	39
7	42428297	894	0		1510	2016-05-01 18:24:36.000000		39
0	42428297	815	0	322.0	0	2016-05-01 17:50:00.000000	2016-05-01 17:55:21.186162	40
1	6740	411	0		195	2016-05-01 17:58:37.000000	2016-05-01 17:59:23.027865	40
2	6718	479	1		238	2016-05-01 18:00:07.000000	2016-05-01 18:00:06.957640	40
3	8288270450	387	2		475	2016-05-01 18:04:04.000000	2016-05-01 18:04:03.737878	40
4	12116	587	3		774	2016-05-01 18:09:03.000000	2016-05-01 18:09:02.976860	40
5	4207957615	679	2		956	2016-05-01 18:12:05.000000	2016-05-01 18:12:04.978124	40
6	4918486747	611	1		1251	2016-05-01 18:17:00.000000	2016-05-01 18:16:59.162324	40
7	42428297	895	0		1898	2016-05-01 18:27:47.000000		40
0	42428297	816	0	431.0	0	2016-05-01 17:50:00.000000	2016-05-01 17:57:10.632556	41
1	6723	482	0		189	2016-05-01 18:00:20.000000	2016-05-01 18:00:19.724321	41
2	6724	424	1		193	2016-05-01 18:00:24.000000	2016-05-01 18:00:23.739750	41
3	42443559	489	2		328	2016-05-01 18:02:39.000000	2016-05-01 18:02:38.219410	41
4	4770	689	3		465	2016-05-01 18:04:56.000000	2016-05-01 18:04:55.336721	41
5	3308681109	624	2		776	2016-05-01 18:10:07.000000	2016-05-01 18:10:06.490521	41
6	8109	682	1		1336	2016-05-01 18:19:27.000000	2016-05-01 18:19:26.944799	41
7	42428297	896	0		1590	2016-05-01 18:23:41.000000		41
0	42428297	817	0	297.0	0	2016-05-01 17:50:00.000000	2016-05-01 17:54:56.108652	42
1	8119462472	383	0		187	2016-05-01 17:58:04.000000	2016-05-01 17:58:25.645095	42
2	28923	472	1		276	2016-05-01 17:59:55.000000	2016-05-01 17:59:54.769601	42
3	28383	464	2		394	2016-05-01 18:01:53.000000	2016-05-01 18:01:52.934132	42
4	33512	664	3		637	2016-05-01 18:05:56.000000	2016-05-01 18:05:55.812246	42
5	14278	672	2		798	2016-05-01 18:08:37.000000	2016-05-01 18:08:36.962470	42
6	13280	583	1		979	2016-05-01 18:11:38.000000	2016-05-01 18:11:37.245717	42
7	42428297	897	0		1200	2016-05-01 18:15:19.000000		42
0	42428297	818	0	469.0	0	2016-05-01 17:50:00.000000	2016-05-01 17:57:48.538421	43
1	8261123024	507	0		185	2016-05-01 18:00:54.000000	2016-05-01 18:00:53.916222	43
2	7881	396	1		264	2016-05-01 18:02:13.000000	2016-05-01 18:02:12.296541	43
3	6739	568	2		613	2016-05-01 18:08:02.000000	2016-05-01 18:08:01.581590	43
4	4207815982	768	3		767	2016-05-01 18:10:36.000000	2016-05-01 18:10:35.800357	43
5	6654	596	2		1088	2016-05-01 18:15:57.000000	2016-05-01 18:15:56.799375	43
6	12745	707	1		1757	2016-05-01 18:27:06.000000	2016-05-01 18:27:05.886988	43
7	42428297	898	0		2140	2016-05-01 18:33:29.000000		43
0	42428297	819	0	424.0	0	2016-05-01 17:50:00.000000	2016-05-01 17:57:03.643214	44
1	40117	477	0		181	2016-05-01 18:00:05.000000	2016-05-01 18:00:06.958772	44
2	8261122840	485	1		198	2016-05-01 18:00:24.000000	2016-05-01 18:00:23.542192	44
3	6724	432	2		277	2016-05-01 18:01:43.000000	2016-05-01 18:01:42.372973	44
4	5122601050	632	3		494	2016-05-01 18:05:20.000000	2016-05-01 18:05:19.695043	44
5	8585	685	2		588	2016-05-01 18:06:54.000000	2016-05-01 18:06:53.845581	44
6	29306	677	1		1158	2016-05-01 18:16:24.000000	2016-05-01 18:16:23.748748	44
7	42428297	899	0		1359	2016-05-01 18:19:45.000000		44
0	42428297	820	0	523.0	0	2016-05-01 17:50:00.000000	2016-05-01 17:58:42.729336	45
1	5545401593	537	0		179	2016-05-01 18:01:42.000000	2016-05-01 18:01:41.052291	45
2	1561	550	1		243	2016-05-01 18:02:46.000000	2016-05-01 18:02:45.467758	45
3	11626	750	2		1010	2016-05-01 18:15:33.000000	2016-05-01 18:15:32.448732	45
4	3998783961	737	1		1335	2016-05-01 18:20:58.000000	2016-05-01 18:20:57.737000	45
5	42428297	900	0		1670	2016-05-01 18:26:33.000000		45
0	42428297	821	0	312.0	0	2016-05-01 17:50:00.000000	2016-05-01 17:55:11.878210	46
1	3345	390	0		179	2016-05-01 17:58:11.000000	2016-05-01 17:58:10.644376	46
2	6666	563	1		496	2016-05-01 18:03:28.000000	2016-05-01 18:03:27.806433	46
3	6703	505	2		624	2016-05-01 18:05:36.000000	2016-05-01 18:05:35.100114	46
4	19970	705	3		725	2016-05-01 18:07:17.000000	2016-05-01 18:07:16.464089	46
5	40146	763	2		772	2016-05-01 18:08:04.000000	2016-05-01 18:08:03.419079	46
6	6899374961	590	1		937	2016-05-01 18:10:49.000000	2016-05-01 18:10:48.878047	46
7	42428297	901	0		1347	2016-05-01 18:17:39.000000		46
0	42428297	822	0	372.0	0	2016-05-01 17:50:00.000000	2016-05-01 17:56:11.895971	47
1	42449707	434	0		176	2016-05-01 17:59:08.000000	2016-05-01 17:59:16.354576	47
2	1825841732	448	1		188	2016-05-01 17:59:29.000000	2016-05-01 17:59:28.865201	47
3	213	478	2		268	2016-05-01 18:00:49.000000	2016-05-01 18:00:48.025249	47
4	26342	497	3		424	2016-05-01 18:03:25.000000	2016-05-01 18:03:24.620927	47
5	11275	697	4		664	2016-05-01 18:07:25.000000	2016-05-01 18:07:24.430348	47
6	8040	678	3		832	2016-05-01 18:10:13.000000	2016-05-01 18:10:12.381418	47
7	3414	648	2		861	2016-05-01 18:10:42.000000	2016-05-01 18:10:41.717571	47
8	9416	634	1		1494	2016-05-01 18:21:15.000000	2016-05-01 18:21:14.543318	47
9	42428297	902	0		1695	2016-05-01 18:24:36.000000		47
0	42428297	823	0	571.0	0	2016-05-01 17:50:00.000000	2016-05-01 17:59:30.870080	48
1	28486	554	0		167	2016-05-01 18:02:18.000000	2016-05-01 18:02:17.203926	48
2	20105	397	1		240	2016-05-01 18:03:31.000000	2016-05-01 18:03:30.711645	48
3	30979	486	2		408	2016-05-01 18:06:19.000000	2016-05-01 18:06:18.135831	48
4	4794775935	686	3		557	2016-05-01 18:08:48.000000	2016-05-01 18:08:47.103250	48
5	30992	597	2		893	2016-05-01 18:14:24.000000	2016-05-01 18:14:23.533948	48
6	3687	754	1		1218	2016-05-01 18:19:49.000000	2016-05-01 18:19:48.270497	48
7	42428297	903	0		1660	2016-05-01 18:27:11.000000		48
0	42428297	824	0	365.0	0	2016-05-01 17:50:00.000000	2016-05-01 17:56:04.470681	49
1	8121	558	0		380	2016-05-01 18:02:25.000000	2016-05-01 18:02:24.046828	49
2	1347	567	1		607	2016-05-01 18:06:12.000000	2016-05-01 18:06:11.696176	49
3	1349	758	2		687	2016-05-01 18:07:32.000000	2016-05-01 18:07:31.665963	49
4	6814312341	767	1		1146	2016-05-01 18:15:11.000000	2016-05-01 18:15:10.680122	49
5	42428297	904	0		1799	2016-05-01 18:26:04.000000		49
0	42428297	825	0	419.0	0	2016-05-01 17:50:00.000000	2016-05-01 17:56:58.534421	50
1	42432598	456	0		157	2016-05-01 17:59:36.000000	2016-05-01 17:59:35.613994	50
2	9619	433	1		161	2016-05-01 17:59:40.000000	2016-05-01 17:59:39.603479	50
3	2348991701	633	2		217	2016-05-01 18:00:36.000000	2016-05-01 18:00:35.166365	50
4	27354	656	1		351	2016-05-01 18:02:50.000000	2016-05-01 18:02:49.466668	50
5	42428297	905	0		614	2016-05-01 18:07:13.000000		50
0	42428297	826	0	326.0	0	2016-05-01 17:50:00.000000	2016-05-01 17:55:25.832635	51
1	8043	380	0		156	2016-05-01 17:58:02.000000	2016-05-01 17:58:01.868162	51
2	40139	454	1		309	2016-05-01 18:00:35.000000	2016-05-01 18:00:34.758653	51
3	40132	495	2		331	2016-05-01 18:00:57.000000	2016-05-01 18:00:56.327373	51
4	6755	695	3		440	2016-05-01 18:02:46.000000	2016-05-01 18:02:45.558463	51
5	33995	654	2		896	2016-05-01 18:10:22.000000	2016-05-01 18:10:21.215212	51
6	12604	580	1		1115	2016-05-01 18:14:01.000000	2016-05-01 18:14:00.167800	51
7	42428297	906	0		1359	2016-05-01 18:18:05.000000		51
0	42428297	827	0	379.0	0	2016-05-01 17:50:00.000000	2016-05-01 17:56:18.730178	52
1	29453	422	0		150	2016-05-01 17:58:49.000000	2016-05-01 17:59:08.020233	52
2	1690448997	528	1		289	2016-05-01 18:01:28.000000	2016-05-01 18:02:35.763290	52
3	1690450548	575	2		301	2016-05-01 18:02:48.000000	2016-05-01 18:02:47.424957	52
4	26308	775	3		435	2016-05-01 18:05:02.000000	2016-05-01 18:05:01.121850	52
5	12628	728	2		758	2016-05-01 18:10:25.000000	2016-05-01 18:10:24.036665	52
6	27213	622	1		978	2016-05-01 18:14:05.000000	2016-05-01 18:14:04.905299	52
7	42428297	907	0		1224	2016-05-01 18:18:11.000000		52
0	42428297	828	0	369.0	0	2016-05-01 17:50:00.000000	2016-05-01 17:56:08.339710	53
1	7876	412	0		149	2016-05-01 17:58:38.000000	2016-05-01 18:01:32.787711	53
2	8288270385	535	1		157	2016-05-01 18:01:41.000000	2016-05-01 18:01:40.281859	53
3	8261122940	502	2		173	2016-05-01 18:01:57.000000	2016-05-01 18:01:56.404357	53
4	8261122947	469	3		191	2016-05-01 18:02:15.000000	2016-05-01 18:02:14.416249	53
5	20133	669	4		343	2016-05-01 18:04:47.000000	2016-05-01 18:04:46.182394	53
6	4016646232	702	3		611	2016-05-01 18:09:15.000000	2016-05-01 18:09:14.666341	53
7	13334	735	2		692	2016-05-01 18:10:36.000000	2016-05-01 18:10:35.408447	53
8	8261122118	612	1		979	2016-05-01 18:15:23.000000	2016-05-01 18:15:22.983740	53
9	42428297	908	0		1230	2016-05-01 18:19:34.000000		53
0	42428297	829	0	587.0	0	2016-05-01 17:50:00.000000	2016-05-01 17:59:46.989124	54
1	3398	551	0		148	2016-05-01 18:02:15.000000	2016-05-01 18:02:14.810658	54
2	1926	378	1		244	2016-05-01 18:03:51.000000	2016-05-01 18:03:50.229642	54
3	8103	544	2		276	2016-05-01 18:04:23.000000	2016-05-01 18:04:22.289841	54
4	3346	451	3		339	2016-05-01 18:05:26.000000	2016-05-01 18:05:25.369253	54
5	8119462449	651	4		693	2016-05-01 18:11:20.000000	2016-05-01 18:11:19.354375	54
6	5481855556	744	3		955	2016-05-01 18:15:42.000000	2016-05-01 18:15:41.892601	54
7	5235625496	578	2		1052	2016-05-01 18:17:19.000000	2016-05-01 18:17:18.587103	54
8	19273	751	1		1140	2016-05-01 18:18:47.000000	2016-05-01 18:18:46.197671	54
9	42428297	909	0		1316	2016-05-01 18:21:43.000000		54
0	42428297	830	0	409.0	0	2016-05-01 17:50:00.000000	2016-05-01 17:56:48.265583	55
1	5101	438	0		145	2016-05-01 17:59:14.000000	2016-05-01 17:59:13.546134	55
2	42429976	552	1		383	2016-05-01 18:03:12.000000	2016-05-01 18:03:11.729419	55
3	7433	402	2		404	2016-05-01 18:03:33.000000	2016-05-01 18:03:32.713280	55
4	7430	517	3		412	2016-05-01 18:03:41.000000	2016-05-01 18:03:40.294003	55
5	12705	466	4		415	2016-05-01 18:03:44.000000	2016-05-01 18:03:43.933948	55
6	12706	419	5		423	2016-05-01 18:03:52.000000	2016-05-01 18:03:51.721864	55
7	4751	619	6		648	2016-05-01 18:07:37.000000	2016-05-01 18:07:36.914157	55
8	3607	666	5		957	2016-05-01 18:12:46.000000	2016-05-01 18:12:45.582199	55
9	42449707	717	4		1123	2016-05-01 18:15:32.000000	2016-05-01 18:15:31.640172	55
10	23153	602	3		1190	2016-05-01 18:16:39.000000	2016-05-01 18:16:38.285778	55
11	4205565526	752	2		1431	2016-05-01 18:20:40.000000	2016-05-01 18:20:39.836020	55
12	5235625496	638	1		1696	2016-05-01 18:25:05.000000	2016-05-01 18:25:04.045325	55
13	42428297	910	0		1891	2016-05-01 18:28:20.000000		55
0	42428297	831	0	559.0	0	2016-05-01 17:50:00.000000	2016-05-01 17:59:18.237435	56
1	31297	536	0		143	2016-05-01 18:01:42.000000	2016-05-01 18:02:13.421988	56
2	6547	553	1		147	2016-05-01 18:02:18.000000	2016-05-01 18:02:17.705028	56
3	4631139784	403	2		153	2016-05-01 18:02:24.000000	2016-05-01 18:02:23.825453	56
4	6701	392	3		245	2016-05-01 18:03:56.000000	2016-05-01 18:03:55.115603	56
5	6702	426	4		248	2016-05-01 18:03:59.000000	2016-05-01 18:03:58.899914	56
6	6365	626	5		432	2016-05-01 18:07:03.000000	2016-05-01 18:07:02.565438	56
7	8393241417	592	4		615	2016-05-01 18:10:06.000000	2016-05-01 18:10:05.101544	56
8	6049	603	3		795	2016-05-01 18:13:06.000000	2016-05-01 18:13:05.252123	56
9	8770	753	2		1297	2016-05-01 18:21:28.000000	2016-05-01 18:21:27.662817	56
10	23169	736	1		1615	2016-05-01 18:26:46.000000	2016-05-01 18:26:45.662564	56
11	42428297	911	0		1744	2016-05-01 18:28:55.000000		56
0	42428297	832	0	348.0	0	2016-05-01 17:50:00.000000	2016-05-01 17:55:47.877098	57
1	11665	391	0		143	2016-05-01 17:58:11.000000	2016-05-01 17:59:24.618190	57
2	21191	483	1		200	2016-05-01 18:00:22.000000	2016-05-01 18:00:21.232075	57
3	8780665908	470	2		261	2016-05-01 18:01:23.000000	2016-05-01 18:01:24.770467	57
4	1873940899	530	3		271	2016-05-01 18:01:35.000000	2016-05-01 18:01:34.913499	57
5	29225	441	4		380	2016-05-01 18:03:24.000000	2016-05-01 18:03:23.849570	57
6	24891	641	5		488	2016-05-01 18:05:12.000000	2016-05-01 18:05:11.712132	57
7	14760	730	4		706	2016-05-01 18:08:50.000000	2016-05-01 18:08:49.234321	57
8	6802	670	3		930	2016-05-01 18:12:34.000000	2016-05-01 18:12:33.894238	57
9	8288270377	683	2		1213	2016-05-01 18:17:17.000000	2016-05-01 18:17:16.245654	57
10	4707471868	591	1		1382	2016-05-01 18:20:06.000000	2016-05-01 18:20:05.858586	57
11	42428297	912	0		1699	2016-05-01 18:25:23.000000		57
0	42428297	833	0	365.0	0	2016-05-01 17:50:00.000000	2016-05-01 17:56:04.433982	58
1	27026	399	0		136	2016-05-01 17:58:21.000000	2016-05-01 17:58:20.346893	58
2	561042204	436	1		268	2016-05-01 18:00:33.000000	2016-05-01 18:00:32.260513	58
3	7468	435	2		368	2016-05-01 18:02:13.000000	2016-05-01 18:02:12.959167	58
4	29627	487	3		384	2016-05-01 18:02:29.000000	2016-05-01 18:02:28.189223	58
5	4597668029	394	4		388	2016-05-01 18:02:33.000000	2016-05-01 18:02:32.048791	58
6	28777	453	5		417	2016-05-01 18:03:02.000000	2016-05-01 18:03:01.399021	58
7	11973	653	6		598	2016-05-01 18:06:03.000000	2016-05-01 18:06:02.816418	58
8	248707602	594	5		798	2016-05-01 18:09:23.000000	2016-05-01 18:09:22.436165	58
9	6680686184	687	4		993	2016-05-01 18:12:38.000000	2016-05-01 18:12:37.400140	58
10	4207957613	635	3		1223	2016-05-01 18:16:28.000000	2016-05-01 18:16:27.908360	58
11	4938	636	2		1311	2016-05-01 18:17:56.000000	2016-05-01 18:17:55.864288	58
12	7595763587	599	1		1513	2016-05-01 18:21:18.000000	2016-05-01 18:21:17.133023	58
13	42428297	913	0		1806	2016-05-01 18:26:11.000000		58
0	42428297	834	0	547.0	0	2016-05-01 17:50:00.000000	2016-05-01 17:59:06.992321	59
1	5732	524	0		135	2016-05-01 18:01:22.000000	2016-05-01 18:01:21.487982	59
2	12632	409	1		178	2016-05-01 18:02:05.000000	2016-05-01 18:02:04.264248	59
3	12634	410	2		180	2016-05-01 18:02:07.000000	2016-05-01 18:02:07.000000	59
4	12634	476	3		182	2016-05-01 18:02:09.000000	2016-05-01 18:02:08.106565	59
5	10707	386	4		244	2016-05-01 18:03:11.000000	2016-05-01 18:03:10.862624	59
6	26972	586	5		462	2016-05-01 18:06:49.000000	2016-05-01 18:06:48.779541	59
7	42432847	676	4		785	2016-05-01 18:12:12.000000	2016-05-01 18:12:11.425798	59
8	11826	610	3		913	2016-05-01 18:14:20.000000	2016-05-01 18:14:19.484118	59
9	8567053364	609	2		1118	2016-05-01 18:17:45.000000	2016-05-01 18:17:44.087374	59
10	11147	724	1		1233	2016-05-01 18:19:40.000000	2016-05-01 18:19:39.219330	59
11	42428297	914	0		1643	2016-05-01 18:26:30.000000		59
0	42428297	835	0	548.0	0	2016-05-01 17:50:00.000000	2016-05-01 17:59:07.889452	60
1	23476	522	0		133	2016-05-01 18:01:21.000000	2016-05-01 18:01:20.985099	60
2	23488	492	1		394	2016-05-01 18:05:42.000000	2016-05-01 18:05:41.970129	60
3	10719	692	2		826	2016-05-01 18:12:54.000000	2016-05-01 18:12:53.495658	60
4	25461	722	1		1089	2016-05-01 18:17:17.000000	2016-05-01 18:17:16.000496	60
5	42428297	915	0		1115	2016-05-01 18:17:43.000000		60
0	42428297	836	0	572.0	0	2016-05-01 17:50:00.000000	2016-05-01 17:59:31.393648	61
1	11331	533	0		129	2016-05-01 18:01:41.000000	2016-05-01 18:01:40.082254	61
2	30015	516	1		253	2016-05-01 18:03:45.000000	2016-05-01 18:03:44.085841	61
3	4886239171	452	2		259	2016-05-01 18:03:51.000000	2016-05-01 18:03:50.681568	61
4	3857343079	388	3		261	2016-05-01 18:03:53.000000	2016-05-01 18:03:52.834205	61
5	1751440889	457	4		294	2016-05-01 18:04:26.000000	2016-05-01 18:04:25.936619	61
6	30074	657	5		478	2016-05-01 18:07:30.000000	2016-05-01 18:07:29.262625	61
7	29216	588	4		714	2016-05-01 18:11:26.000000	2016-05-01 18:11:25.774645	61
8	4424	652	3		734	2016-05-01 18:11:46.000000	2016-05-01 18:11:45.571406	61
9	9842	716	2		891	2016-05-01 18:14:23.000000	2016-05-01 18:14:22.268769	61
10	42428212	733	1		965	2016-05-01 18:15:37.000000	2016-05-01 18:15:36.225677	61
11	42428297	916	0		1465	2016-05-01 18:23:57.000000		61
0	42428297	837	0	600.0	0	2016-05-01 17:50:19.000000	2016-05-01 18:00:18.209900	62
1	4445	560	0		128	2016-05-01 18:02:27.000000	2016-05-01 18:02:26.556879	62
2	29634	425	1		286	2016-05-01 18:05:05.000000	2016-05-01 18:05:04.951193	62
3	5266429281	398	2		301	2016-05-01 18:05:20.000000	2016-05-01 18:05:19.933601	62
4	19318	562	3		395	2016-05-01 18:06:54.000000	2016-05-01 18:06:53.495033	62
5	31297	762	4		495	2016-05-01 18:08:34.000000	2016-05-01 18:08:33.931871	62
6	8103	598	3		585	2016-05-01 18:10:04.000000	2016-05-01 18:10:03.929470	62
7	3977886187	625	2		994	2016-05-01 18:16:53.000000	2016-05-01 18:16:52.728371	62
8	21908	760	1		1192	2016-05-01 18:20:11.000000	2016-05-01 18:20:10.531892	62
9	42428297	917	0		1328	2016-05-01 18:22:27.000000		62
0	42428297	838	0	359.0	0	2016-05-01 17:50:00.000000	2016-05-01 17:55:58.476835	63
1	11257	384	0		127	2016-05-01 17:58:06.000000	2016-05-01 17:58:30.536571	63
2	1954	420	1		144	2016-05-01 17:58:48.000000	2016-05-01 18:00:53.510539	63
3	6224278787	508	2		147	2016-05-01 18:00:57.000000	2016-05-01 18:01:38.074531	63
4	31296	540	3		157	2016-05-01 18:01:49.000000	2016-05-01 18:01:48.329143	63
5	31297	428	4		159	2016-05-01 18:01:51.000000	2016-05-01 18:01:50.082942	63
6	6548	416	5		163	2016-05-01 18:01:55.000000	2016-05-01 18:01:54.891155	63
7	3561	616	6		316	2016-05-01 18:04:28.000000	2016-05-01 18:04:27.653023	63
8	3977886868	628	5		329	2016-05-01 18:04:41.000000	2016-05-01 18:04:40.472634	63
9	10723	740	4		408	2016-05-01 18:06:00.000000	2016-05-01 18:05:59.148923	63
10	11365	708	3		507	2016-05-01 18:07:39.000000	2016-05-01 18:07:38.927915	63
11	6139477294	620	2		642	2016-05-01 18:09:54.000000	2016-05-01 18:09:53.718784	63
12	5728	584	1		944	2016-05-01 18:14:56.000000	2016-05-01 18:14:55.500285	63
13	42428297	918	0		1217	2016-05-01 18:19:29.000000		63
0	42428297	839	0	461.0	0	2016-05-01 17:50:00.000000	2016-05-01 17:57:40.267901	64
1	6326	459	0		119	2016-05-01 17:59:40.000000	2016-05-01 17:59:39.066087	64
2	33487	376	1		139	2016-05-01 18:00:00.000000	2016-05-01 17:59:59.438548	64
3	3997454670	460	2		162	2016-05-01 18:00:23.000000	2016-05-01 18:00:22.138348	64
4	6224278793	545	3		286	2016-05-01 18:02:27.000000	2016-05-01 18:02:26.088087	64
5	32251	745	4		351	2016-05-01 18:03:32.000000	2016-05-01 18:03:31.789062	64
6	28774	660	3		532	2016-05-01 18:06:33.000000	2016-05-01 18:06:32.840765	64
7	42423674	576	2		842	2016-05-01 18:11:43.000000	2016-05-01 18:11:42.433406	64
8	9469	659	1		1098	2016-05-01 18:15:59.000000	2016-05-01 18:15:58.198595	64
9	42428297	919	0		1250	2016-05-01 18:18:31.000000		64
0	42428297	840	0	493.0	0	2016-05-01 17:50:00.000000	2016-05-01 17:58:12.973966	65
1	3797	480	0		115	2016-05-01 18:00:08.000000	2016-05-01 18:00:11.016831	65
2	11663	523	1		184	2016-05-01 18:01:21.000000	2016-05-01 18:01:20.345852	65
3	2044	515	2		262	2016-05-01 18:02:39.000000	2016-05-01 18:02:38.224446	65
4	27149	715	3		454	2016-05-01 18:05:51.000000	2016-05-01 18:05:50.976171	65
5	11276	723	2		519	2016-05-01 18:06:56.000000	2016-05-01 18:06:55.394918	65
6	24894	680	1		850	2016-05-01 18:12:27.000000	2016-05-01 18:12:26.440008	65
7	42428297	920	0		1102	2016-05-01 18:16:39.000000		65
0	42428297	841	0	516.0	0	2016-05-01 17:50:00.000000	2016-05-01 17:58:35.234037	66
1	7509	484	0		107	2016-05-01 18:00:23.000000	2016-05-01 18:01:17.810018	66
2	42436710	547	1		152	2016-05-01 18:02:03.000000	2016-05-01 18:02:02.522411	66
3	9743	389	2		166	2016-05-01 18:02:17.000000	2016-05-01 18:02:16.419137	66
4	5125	437	3		245	2016-05-01 18:03:36.000000	2016-05-01 18:03:35.326022	66
5	6716668070	458	4		343	2016-05-01 18:05:14.000000	2016-05-01 18:05:13.925405	66
6	13277	658	5		431	2016-05-01 18:06:42.000000	2016-05-01 18:06:41.198584	66
7	11989	637	4		516	2016-05-01 18:08:07.000000	2016-05-01 18:08:06.977909	66
8	5062	589	3		761	2016-05-01 18:12:12.000000	2016-05-01 18:12:11.261506	66
9	27306	747	2		836	2016-05-01 18:13:27.000000	2016-05-01 18:13:26.186815	66
10	27073	684	1		934	2016-05-01 18:15:05.000000	2016-05-01 18:15:04.297284	66
11	42428297	921	0		1170	2016-05-01 18:19:01.000000		66
0	42428297	842	0	600.0	0	2016-05-01 17:50:37.000000	2016-05-01 18:00:36.523327	67
1	3463815149	556	0		104	2016-05-01 18:02:21.000000	2016-05-01 18:02:20.122958	67
2	27338	521	1		187	2016-05-01 18:03:44.000000	2016-05-01 18:03:43.222045	67
3	3874596369	491	2		204	2016-05-01 18:04:01.000000	2016-05-01 18:04:00.885528	67
4	1825841724	572	3		349	2016-05-01 18:06:26.000000	2016-05-01 18:06:25.998843	67
5	29328	559	4		470	2016-05-01 18:08:27.000000	2016-05-01 18:08:26.007766	67
6	805764995	759	5		664	2016-05-01 18:11:41.000000	2016-05-01 18:11:40.531193	67
7	1494	772	4		747	2016-05-01 18:13:04.000000	2016-05-01 18:13:03.244517	67
8	29212	691	3		789	2016-05-01 18:13:46.000000	2016-05-01 18:13:45.582171	67
9	21856	721	2		823	2016-05-01 18:14:20.000000	2016-05-01 18:14:19.252046	67
10	6232	756	1		1094	2016-05-01 18:18:51.000000	2016-05-01 18:18:50.512476	67
11	42428297	922	0		1239	2016-05-01 18:21:16.000000		67
0	42428297	843	0	537.0	0	2016-05-01 17:50:00.000000	2016-05-01 17:58:56.847564	68
1	25275	496	0		100	2016-05-01 18:00:37.000000	2016-05-01 18:02:27.580515	68
2	4322008112	574	1		120	2016-05-01 18:02:48.000000	2016-05-01 18:02:47.049982	68
3	33993	774	2		614	2016-05-01 18:11:02.000000	2016-05-01 18:11:01.746233	68
4	33686	696	1		1029	2016-05-01 18:17:57.000000	2016-05-01 18:17:56.248558	68
5	42428297	923	0		1336	2016-05-01 18:23:04.000000		68
0	42428297	844	0	559.0	0	2016-05-01 17:50:00.000000	2016-05-01 17:59:18.278545	69
1	20628	499	0		91	2016-05-01 18:00:50.000000	2016-05-01 18:00:49.644455	69
2	14546	414	1		94	2016-05-01 18:00:53.000000	2016-05-01 18:01:14.518237	69
3	1690448973	527	2		105	2016-05-01 18:01:26.000000	2016-05-01 18:01:25.162383	69
4	8261044794	727	3		296	2016-05-01 18:04:37.000000	2016-05-01 18:04:36.806013	69
5	33986	614	2		798	2016-05-01 18:12:59.000000	2016-05-01 18:12:58.006558	69
6	35056	699	1		1217	2016-05-01 18:19:58.000000	2016-05-01 18:19:57.181405	69
7	42428297	924	0		1440	2016-05-01 18:23:41.000000		69
0	42428297	845	0	600.0	0	2016-05-01 17:50:12.000000	2016-05-01 18:00:11.656136	70
1	3977886226	531	0		83	2016-05-01 18:01:35.000000	2016-05-01 18:01:34.866965	70
2	1690448973	471	1		154	2016-05-01 18:02:46.000000	2016-05-01 18:02:45.255302	70
3	5607992553	532	2		185	2016-05-01 18:03:17.000000	2016-05-01 18:03:16.148392	70
4	4796245033	732	3		316	2016-05-01 18:05:28.000000	2016-05-01 18:05:27.478586	70
5	3352	671	2		448	2016-05-01 18:07:40.000000	2016-05-01 18:07:39.217097	70
6	20683	731	1		1204	2016-05-01 18:20:16.000000	2016-05-01 18:20:15.661259	70
7	42428297	925	0		1658	2016-05-01 18:27:50.000000		70
0	42428297	846	0	421.0	0	2016-05-01 17:50:00.000000	2016-05-01 17:57:00.761655	71
1	28527	400	0		81	2016-05-01 17:58:22.000000	2016-05-01 17:58:21.075421	71
2	5068	418	1		113	2016-05-01 17:58:54.000000	2016-05-01 17:59:43.909233	71
3	27051	475	2		130	2016-05-01 18:00:01.000000	2016-05-01 18:00:00.069959	71
4	3955372308	467	3		172	2016-05-01 18:00:43.000000	2016-05-01 18:00:42.383388	71
5	42453986	465	4		267	2016-05-01 18:02:18.000000	2016-05-01 18:02:17.228943	71
6	8119507320	439	5		298	2016-05-01 18:02:49.000000	2016-05-01 18:02:48.549131	71
7	42446701	639	6		314	2016-05-01 18:03:05.000000	2016-05-01 18:03:04.645207	71
8	5633	665	5		375	2016-05-01 18:04:06.000000	2016-05-01 18:04:05.821550	71
9	8060	667	4		433	2016-05-01 18:05:04.000000	2016-05-01 18:05:03.760811	71
10	26967	675	3		641	2016-05-01 18:08:32.000000	2016-05-01 18:08:31.794570	71
11	6276	618	2		972	2016-05-01 18:14:03.000000	2016-05-01 18:14:02.100065	71
12	28378	600	1		1432	2016-05-01 18:21:43.000000	2016-05-01 18:21:42.013942	71
13	42428297	926	0		1713	2016-05-01 18:26:24.000000		71
0	42428297	847	0	579.0	0	2016-05-01 17:50:00.000000	2016-05-01 17:59:38.071314	72
1	41514	498	0		70	2016-05-01 18:00:49.000000	2016-05-01 18:00:48.180835	72
2	27110	481	1		255	2016-05-01 18:03:54.000000	2016-05-01 18:03:53.592560	72
3	27212	549	2		336	2016-05-01 18:05:15.000000	2016-05-01 18:05:14.477086	72
4	3977886224	444	3		349	2016-05-01 18:05:28.000000	2016-05-01 18:05:27.730197	72
5	29209	644	4		605	2016-05-01 18:09:44.000000	2016-05-01 18:09:43.017940	72
6	28377	749	3		787	2016-05-01 18:12:46.000000	2016-05-01 18:12:45.211199	72
7	8768	681	2		1058	2016-05-01 18:17:17.000000	2016-05-01 18:17:16.365070	72
8	33942	698	1		1168	2016-05-01 18:19:07.000000	2016-05-01 18:19:06.895338	72
9	42428297	927	0		1495	2016-05-01 18:24:34.000000		72
0	42428297	848	0	462.0	0	2016-05-01 17:50:00.000000	2016-05-01 17:57:41.944435	73
1	27002	413	0		56	2016-05-01 17:58:38.000000	2016-05-01 18:01:53.233018	73
2	27004	541	1		58	2016-05-01 18:01:56.000000	2016-05-01 18:01:55.781599	73
3	3942050708	525	2		64	2016-05-01 18:02:02.000000	2016-05-01 18:02:01.077723	73
4	4773	542	3		134	2016-05-01 18:03:12.000000	2016-05-01 18:03:11.947797	73
5	4769	565	4		137	2016-05-01 18:03:15.000000	2016-05-01 18:03:14.295608	73
6	3831822160	385	5		167	2016-05-01 18:03:45.000000	2016-05-01 18:03:44.001823	73
7	8792	474	6		215	2016-05-01 18:04:33.000000	2016-05-01 18:04:32.695714	73
8	42442902	674	7		306	2016-05-01 18:06:04.000000	2016-05-01 18:06:03.350339	73
9	13344	585	6		439	2016-05-01 18:08:17.000000	2016-05-01 18:08:16.180907	73
10	42430342	765	5		674	2016-05-01 18:12:12.000000	2016-05-01 18:12:11.136882	73
11	28804	742	4		852	2016-05-01 18:15:10.000000	2016-05-01 18:15:09.522236	73
12	4631139784	725	3		986	2016-05-01 18:17:24.000000	2016-05-01 18:17:23.527282	73
13	1414	741	2		1252	2016-05-01 18:21:50.000000	2016-05-01 18:21:49.626169	73
14	1415	613	1		1254	2016-05-01 18:21:52.000000	2016-05-01 18:21:51.320461	73
15	42428297	928	0		1467	2016-05-01 18:25:25.000000		73
0	42428297	849	0	524.0	0	2016-05-01 17:50:00.000000	2016-05-01 17:58:43.988107	74
1	6598535230	455	0		50	2016-05-01 17:59:34.000000	2016-05-01 17:59:33.022953	74
2	3541	405	1		58	2016-05-01 17:59:42.000000	2016-05-01 18:01:48.102977	74
3	3576	543	2		69	2016-05-01 18:02:00.000000	2016-05-01 18:01:59.186191	74
4	25283	512	3		84	2016-05-01 18:02:15.000000	2016-05-01 18:02:14.676326	74
5	29214	449	4		258	2016-05-01 18:05:09.000000	2016-05-01 18:05:08.931493	74
6	42454428	649	5		291	2016-05-01 18:05:42.000000	2016-05-01 18:05:41.683183	74
7	3530	712	4		480	2016-05-01 18:08:51.000000	2016-05-01 18:08:50.100450	74
8	5751	743	3		595	2016-05-01 18:10:46.000000	2016-05-01 18:10:45.799528	74
9	30414	605	2		763	2016-05-01 18:13:34.000000	2016-05-01 18:13:33.140210	74
10	37532	655	1		990	2016-05-01 18:17:21.000000	2016-05-01 18:17:20.894997	74
11	42428297	929	0		1187	2016-05-01 18:20:38.000000		74
0	42428297	850	0	551.0	0	2016-05-01 17:50:00.000000	2016-05-01 17:59:10.678961	75
1	6786	473	0		46	2016-05-01 17:59:57.000000	2016-05-01 17:59:56.193935	75
2	9499	401	1		143	2016-05-01 18:01:34.000000	2016-05-01 18:01:33.217475	75
3	11117	429	2		270	2016-05-01 18:03:41.000000	2016-05-01 18:03:40.642831	75
4	27015	408	3		306	2016-05-01 18:04:17.000000	2016-05-01 18:04:16.714842	75
5	19274	534	4		403	2016-05-01 18:05:54.000000	2016-05-01 18:05:53.620712	75
6	42429888	734	5		425	2016-05-01 18:06:16.000000	2016-05-01 18:06:15.681151	75
7	30431	608	4		693	2016-05-01 18:10:44.000000	2016-05-01 18:10:43.186884	75
8	37533	629	3		869	2016-05-01 18:13:40.000000	2016-05-01 18:13:39.731928	75
9	9416	601	2		983	2016-05-01 18:15:34.000000	2016-05-01 18:15:33.490568	75
10	42443807	673	1		1117	2016-05-01 18:17:48.000000	2016-05-01 18:17:47.740305	75
11	42428297	930	0		1357	2016-05-01 18:21:48.000000		75
0	42428297	851	0	544.0	0	2016-05-01 17:50:00.000000	2016-05-01 17:59:03.393643	76
1	25461	461	0		37	2016-05-01 17:59:41.000000	2016-05-01 18:00:58.799739	76
2	3944708058	538	1		83	2016-05-01 18:01:45.000000	2016-05-01 18:01:44.605627	76
3	42430350	440	2		90	2016-05-01 18:01:52.000000	2016-05-01 18:01:51.527019	76
4	4851	640	3		287	2016-05-01 18:05:09.000000	2016-05-01 18:05:08.214926	76
5	12725	738	2		810	2016-05-01 18:13:52.000000	2016-05-01 18:13:51.681868	76
6	28822	661	1		1138	2016-05-01 18:19:20.000000	2016-05-01 18:19:19.514651	76
7	42428297	931	0		1424	2016-05-01 18:24:06.000000		76
0	42428297	852	0	600.0	0	2016-05-01 17:50:26.000000	2016-05-01 18:00:25.760830	77
1	4828	510	0		34	2016-05-01 18:01:00.000000	2016-05-01 18:00:59.767428	77
2	6793	506	1		49	2016-05-01 18:01:15.000000	2016-05-01 18:01:51.038123	77
3	6821	566	2		90	2016-05-01 18:02:33.000000	2016-05-01 18:02:32.400221	77
4	28468	511	3		134	2016-05-01 18:03:17.000000	2016-05-01 18:03:16.636895	77
5	37564	548	4		148	2016-05-01 18:03:31.000000	2016-05-01 18:03:30.251470	77
6	4445	518	5		222	2016-05-01 18:04:45.000000	2016-05-01 18:04:44.940291	77
7	31296	718	6		394	2016-05-01 18:07:37.000000	2016-05-01 18:07:36.003973	77
8	6242	748	5		565	2016-05-01 18:10:28.000000	2016-05-01 18:10:27.921722	77
9	29317	711	4		688	2016-05-01 18:12:31.000000	2016-05-01 18:12:30.096691	77
10	28543	766	3		1026	2016-05-01 18:18:09.000000	2016-05-01 18:18:08.673224	77
11	7893	706	2		1051	2016-05-01 18:18:34.000000	2016-05-01 18:18:33.934206	77
12	11148	710	1		1139	2016-05-01 18:20:02.000000	2016-05-01 18:20:01.941185	77
13	42428297	932	0		1540	2016-05-01 18:26:43.000000		77
0	42428297	853	0	600.0	0	2016-05-01 17:52:14.000000	2016-05-01 18:02:13.093956	78
1	4905	555	0		6	2016-05-01 18:02:20.000000	2016-05-01 18:02:19.374827	78
2	6773	509	1		29	2016-05-01 18:02:43.000000	2016-05-01 18:02:42.203014	78
3	6775	381	2		31	2016-05-01 18:02:45.000000	2016-05-01 18:02:44.513468	78
4	11102	546	3		48	2016-05-01 18:03:02.000000	2016-05-01 18:03:01.010258	78
5	4936	468	4		112	2016-05-01 18:04:06.000000	2016-05-01 18:04:05.818477	78
6	8261122888	539	5		271	2016-05-01 18:06:45.000000	2016-05-01 18:06:44.292670	78
7	8119462452	557	6		373	2016-05-01 18:08:27.000000	2016-05-01 18:08:27.000000	78
8	8119462452	757	7		375	2016-05-01 18:08:29.000000	2016-05-01 18:08:28.639524	78
9	24632	739	6		387	2016-05-01 18:08:41.000000	2016-05-01 18:08:40.899642	78
10	37532	668	5		411	2016-05-01 18:09:05.000000	2016-05-01 18:09:04.170361	78
11	3363	746	4		489	2016-05-01 18:10:23.000000	2016-05-01 18:10:22.871923	78
12	5235625496	581	3		745	2016-05-01 18:14:39.000000	2016-05-01 18:14:38.432385	78
13	31296	709	2		747	2016-05-01 18:14:41.000000	2016-05-01 18:14:40.549482	78
14	6804	755	1		1006	2016-05-01 18:19:00.000000	2016-05-01 18:18:59.726796	78
15	42428297	933	0		1241	2016-05-01 18:22:55.000000		78
0	42428297	854	0	0.0	0	2016-05-01 17:50:00.000000	2016-05-01 17:49:59.093956	79
1	4905	40	0		5	2016-05-01 17:50:05.000000	2016-05-01 17:50:04.374827	79
2	6773	79	0		26	2016-05-01 17:50:26.000000	2016-05-01 17:50:25.203014	79
3	6775	80	0		26	2016-05-01 17:50:26.000000	2016-05-01 17:50:25.336802	79
4	4207957615	321	0		29	2016-05-01 17:50:29.000000	2016-05-01 17:50:28.752232	79
5	4828	38	0		30	2016-05-01 17:50:30.000000	2016-05-01 17:50:29.767428	79
6	6793	82	0		43	2016-05-01 17:50:43.000000	2016-05-01 17:50:42.038123	79
7	6821	85	0		82	2016-05-01 17:51:22.000000	2016-05-01 17:51:21.400221	79
8	28468	214	0		124	2016-05-01 17:52:04.000000	2016-05-01 17:52:03.636895	79
9	37564	257	0		136	2016-05-01 17:52:16.000000	2016-05-01 17:52:15.793546	79
10	4322008112	324	0		160	2016-05-01 17:52:40.000000	2016-05-01 17:52:39.510450	79
11	25283	189	0		210	2016-05-01 17:53:30.000000	2016-05-01 17:53:29.613958	79
12	11102	118	0		310	2016-05-01 17:55:10.000000	2016-05-01 17:55:09.660881	79
13	13821	156	0		370	2016-05-01 17:56:10.000000	2016-05-01 17:56:09.072690	79
14	4851	39	0		568	2016-05-01 17:59:28.000000	2016-05-01 17:59:27.411507	79
15	9619	111	0		569	2016-05-01 17:59:29.000000	2016-05-01 17:59:28.570350	79
16	6534229345	349	0		574	2016-05-01 17:59:34.000000	2016-05-01 17:59:33.151964	79
17	27338	209	0		576	2016-05-01 17:59:36.000000	2016-05-01 17:59:35.904867	79
18	27354	210	0		579	2016-05-01 17:59:39.000000	2016-05-01 17:59:38.529276	79
19	9811	113	0		582	2016-05-01 17:59:42.000000	2016-05-01 17:59:41.571616	79
20	21191	174	0		618	2016-05-01 18:00:18.000000	2016-05-01 18:00:17.840357	79
21	11665	132	0		624	2016-05-01 18:00:24.000000	2016-05-01 18:00:23.034424	79
22	11663	131	0		625	2016-05-01 18:00:25.000000	2016-05-01 18:00:24.017212	79
23	11662	130	0		625	2016-05-01 18:00:25.000000	2016-05-01 18:00:24.684741	79
24	23153	178	0		638	2016-05-01 18:00:38.000000	2016-05-01 18:00:37.554800	79
25	4207815982	319	0		658	2016-05-01 18:00:58.000000	2016-05-01 18:00:57.313557	79
26	1825841724	296	0		699	2016-05-01 18:01:39.000000	2016-05-01 18:01:38.184644	79
27	2653531887	300	0		739	2016-05-01 18:02:19.000000	2016-05-01 18:02:18.847738	79
28	35056	254	0		782	2016-05-01 18:03:02.000000	2016-05-01 18:03:01.916996	79
29	3874596369	306	0		795	2016-05-01 18:03:15.000000	2016-05-01 18:03:14.659120	79
30	2348991701	299	0		825	2016-05-01 18:03:45.000000	2016-05-01 18:03:44.037117	79
31	3308681109	301	0		859	2016-05-01 18:04:19.000000	2016-05-01 18:04:18.887008	79
32	3463815149	302	0		1025	2016-05-01 18:07:05.000000	2016-05-01 18:07:04.014881	79
33	6802	83	0		1100	2016-05-01 18:08:20.000000	2016-05-01 18:08:19.022219	79
34	6804	84	0		1122	2016-05-01 18:08:42.000000	2016-05-01 18:08:41.997516	79
35	4936	41	0		1256	2016-05-01 18:10:56.000000	2016-05-01 18:10:55.762201	79
36	4938	42	0		1271	2016-05-01 18:11:11.000000	2016-05-01 18:11:10.327581	79
37	11626	129	0		1339	2016-05-01 18:12:19.000000	2016-05-01 18:12:18.019206	79
38	11147	121	0		1489	2016-05-01 18:14:49.000000	2016-05-01 18:14:48.278145	79
39	11148	122	0		1498	2016-05-01 18:14:58.000000	2016-05-01 18:14:57.747614	79
40	4947	43	0		1593	2016-05-01 18:16:33.000000	2016-05-01 18:16:32.403767	79
41	3998783961	316	0		1660	2016-05-01 18:17:40.000000	2016-05-01 18:17:39.000747	79
42	3687	30	0		1706	2016-05-01 18:18:26.000000	2016-05-01 18:18:25.374520	79
43	5542715078	341	0		1973	2016-05-01 18:22:53.000000	2016-05-01 18:22:52.846909	79
44	8261122947	367	0		2001	2016-05-01 18:23:21.000000	2016-05-01 18:23:20.992610	79
45	40132	263	0		2012	2016-05-01 18:23:32.000000	2016-05-01 18:23:31.693457	79
46	8261122888	365	0		2012	2016-05-01 18:23:32.000000	2016-05-01 18:23:31.157304	79
47	8261044794	362	0		2016	2016-05-01 18:23:36.000000	2016-05-01 18:23:35.561537	79
48	8261122118	363	0		2020	2016-05-01 18:23:40.000000	2016-05-01 18:23:39.143162	79
49	19970	168	0		2100	2016-05-01 18:25:00.000000	2016-05-01 18:24:59.597620	79
50	19969	167	0		2102	2016-05-01 18:25:02.000000	2016-05-01 18:25:01.437274	79
51	40117	262	0		2116	2016-05-01 18:25:16.000000	2016-05-01 18:25:15.545499	79
52	23610	182	0		2120	2016-05-01 18:25:20.000000	2016-05-01 18:25:19.583347	79
53	5545401593	342	0		2129	2016-05-01 18:25:29.000000	2016-05-01 18:25:28.634964	79
54	8585	102	0		2139	2016-05-01 18:25:39.000000	2016-05-01 18:25:38.029037	79
55	3440	23	0		2193	2016-05-01 18:26:33.000000	2016-05-01 18:26:32.843909	79
56	1939	13	0		2220	2016-05-01 18:27:00.000000	2016-05-01 18:26:59.417998	79
57	3414	22	0		2335	2016-05-01 18:28:55.000000	2016-05-01 18:28:54.598486	79
58	9257	107	0		2457	2016-05-01 18:30:57.000000	2016-05-01 18:30:56.893844	79
59	42428212	270	0		2582	2016-05-01 18:33:02.000000	2016-05-01 18:33:01.897393	79
60	3398	21	0		2584	2016-05-01 18:33:04.000000	2016-05-01 18:33:03.195015	79
61	1347	2	0		2671	2016-05-01 18:34:31.000000	2016-05-01 18:34:30.696176	79
62	1349	3	0		2749	2016-05-01 18:35:49.000000	2016-05-01 18:35:48.778166	79
63	1926	12	0		2879	2016-05-01 18:37:59.000000	2016-05-01 18:37:58.856931	79
64	3363	20	0		2896	2016-05-01 18:38:16.000000	2016-05-01 18:38:15.766564	79
65	4205565526	318	0		2902	2016-05-01 18:38:22.000000	2016-05-01 18:38:21.606146	79
66	8103	99	0		2909	2016-05-01 18:38:29.000000	2016-05-01 18:38:28.495666	79
67	3345	17	0		2966	2016-05-01 18:39:26.000000	2016-05-01 18:39:25.794175	79
68	3346	18	0		2970	2016-05-01 18:39:30.000000	2016-05-01 18:39:29.716173	79
69	3352	19	0		2975	2016-05-01 18:39:35.000000	2016-05-01 18:39:34.882684	79
70	9253	106	0		3048	2016-05-01 18:40:48.000000	2016-05-01 18:40:47.020256	79
71	6654	66	0		3259	2016-05-01 18:44:19.000000	2016-05-01 18:44:18.689030	79
72	3336	16	0		3389	2016-05-01 18:46:29.000000	2016-05-01 18:46:28.371376	79
73	5266429281	339	0		3625	2016-05-01 18:50:25.000000	2016-05-01 18:50:24.608530	79
74	7468	90	0		3625	2016-05-01 18:50:25.000000	2016-05-01 18:50:24.225667	79
75	42429888	271	0		3629	2016-05-01 18:50:29.000000	2016-05-01 18:50:28.772006	79
76	14278	159	0		3633	2016-05-01 18:50:33.000000	2016-05-01 18:50:32.241502	79
77	12388	138	0		3641	2016-05-01 18:50:41.000000	2016-05-01 18:50:40.329083	79
78	32251	244	0		3645	2016-05-01 18:50:45.000000	2016-05-01 18:50:44.677924	79
79	4234425056	322	0		3657	2016-05-01 18:50:57.000000	2016-05-01 18:50:56.276277	79
80	28777	220	0		3723	2016-05-01 18:52:03.000000	2016-05-01 18:52:02.986156	79
81	29627	233	0		3801	2016-05-01 18:53:21.000000	2016-05-01 18:53:20.189223	79
82	4597668029	327	0		3803	2016-05-01 18:53:23.000000	2016-05-01 18:53:22.148388	79
83	29634	234	0		3834	2016-05-01 18:53:54.000000	2016-05-01 18:53:53.140177	79
84	8119507320	361	0		3867	2016-05-01 18:54:27.000000	2016-05-01 18:54:26.293291	79
85	6365	62	0		3872	2016-05-01 18:54:32.000000	2016-05-01 18:54:31.965533	79
86	13277	152	0		3875	2016-05-01 18:54:35.000000	2016-05-01 18:54:34.650145	79
87	42453986	286	0		3877	2016-05-01 18:54:37.000000	2016-05-01 18:54:36.468023	79
88	19274	165	0		3883	2016-05-01 18:54:43.000000	2016-05-01 18:54:42.003373	79
89	19251	163	0		3887	2016-05-01 18:54:47.000000	2016-05-01 18:54:46.274804	79
90	8119462452	359	0		3889	2016-05-01 18:54:49.000000	2016-05-01 18:54:48.531610	79
91	42446701	284	0		3896	2016-05-01 18:54:56.000000	2016-05-01 18:54:55.147361	79
92	11257	123	0		3897	2016-05-01 18:54:57.000000	2016-05-01 18:54:56.037614	79
93	6224278793	348	0		3909	2016-05-01 18:55:09.000000	2016-05-01 18:55:08.498956	79
94	1954	14	0		3911	2016-05-01 18:55:11.000000	2016-05-01 18:55:10.510539	79
95	6224278787	347	0		3912	2016-05-01 18:55:12.000000	2016-05-01 18:55:11.792474	79
96	37532	255	0		3919	2016-05-01 18:55:19.000000	2016-05-01 18:55:18.673389	79
97	37533	256	0		3919	2016-05-01 18:55:19.000000	2016-05-01 18:55:18.176283	79
98	5235625496	338	0		3919	2016-05-01 18:55:19.000000	2016-05-01 18:55:18.432385	79
99	31296	242	0		3919	2016-05-01 18:55:19.000000	2016-05-01 18:55:18.329143	79
100	31297	243	0		3919	2016-05-01 18:55:19.000000	2016-05-01 18:55:18.489183	79
101	5235625493	337	0		3919	2016-05-01 18:55:19.000000	2016-05-01 18:55:18.932805	79
102	6547	63	0		3921	2016-05-01 18:55:21.000000	2016-05-01 18:55:20.660954	79
103	6548	64	0		3921	2016-05-01 18:55:21.000000	2016-05-01 18:55:20.044074	79
104	4631139784	328	0		3924	2016-05-01 18:55:24.000000	2016-05-01 18:55:23.213624	79
105	37970	260	0		3984	2016-05-01 18:56:24.000000	2016-05-01 18:56:23.008770	79
106	6700	69	0		4012	2016-05-01 18:56:52.000000	2016-05-01 18:56:51.603059	79
107	6701	70	0		4012	2016-05-01 18:56:52.000000	2016-05-01 18:56:51.115603	79
108	6702	71	0		4013	2016-05-01 18:56:53.000000	2016-05-01 18:56:52.488854	79
109	6703	72	0		4014	2016-05-01 18:56:54.000000	2016-05-01 18:56:53.190259	79
110	6232	57	0		4087	2016-05-01 18:58:07.000000	2016-05-01 18:58:06.028345	79
111	40139	264	0		4095	2016-05-01 18:58:15.000000	2016-05-01 18:58:14.608517	79
112	7893	95	0		4104	2016-05-01 18:58:24.000000	2016-05-01 18:58:23.232286	79
113	8393241417	373	0		4104	2016-05-01 18:58:24.000000	2016-05-01 18:58:23.363909	79
114	6242	58	0		4104	2016-05-01 18:58:24.000000	2016-05-01 18:58:23.538682	79
115	7876	92	0		4106	2016-05-01 18:58:26.000000	2016-05-01 18:58:25.676424	79
116	7877	93	0		4106	2016-05-01 18:58:26.000000	2016-05-01 18:58:25.978534	79
117	8288270377	370	0		4110	2016-05-01 18:58:30.000000	2016-05-01 18:58:29.132753	79
118	8288270385	371	0		4111	2016-05-01 18:58:31.000000	2016-05-01 18:58:30.161014	79
119	18382	162	0		4114	2016-05-01 18:58:34.000000	2016-05-01 18:58:33.120845	79
120	8261122940	366	0		4124	2016-05-01 18:58:44.000000	2016-05-01 18:58:43.711583	79
121	7881	94	0		4152	2016-05-01 18:59:12.000000	2016-05-01 18:59:11.362255	79
122	7595763587	356	0		4402	2016-05-01 19:03:22.000000	2016-05-01 19:03:21.270965	79
123	3797	31	0		4429	2016-05-01 19:03:49.000000	2016-05-01 19:03:48.031990	79
124	24891	185	0		4499	2016-05-01 19:04:59.000000	2016-05-01 19:04:58.441378	79
125	24894	186	0		4507	2016-05-01 19:05:07.000000	2016-05-01 19:05:06.369204	79
126	20133	171	0		4534	2016-05-01 19:05:34.000000	2016-05-01 19:05:33.422608	79
127	8780665908	375	0		4642	2016-05-01 19:07:22.000000	2016-05-01 19:07:21.770467	79
128	1873940899	298	0		4650	2016-05-01 19:07:30.000000	2016-05-01 19:07:29.617267	79
129	2044	15	0		4656	2016-05-01 19:07:36.000000	2016-05-01 19:07:35.397075	79
130	29328	231	0		4657	2016-05-01 19:07:37.000000	2016-05-01 19:07:36.394974	79
131	33686	248	0		4709	2016-05-01 19:08:29.000000	2016-05-01 19:08:28.330565	79
132	28486	215	0		4807	2016-05-01 19:10:07.000000	2016-05-01 19:10:06.203926	79
133	20105	170	0		4878	2016-05-01 19:11:18.000000	2016-05-01 19:11:17.765579	79
134	7837165577	357	0		5003	2016-05-01 19:13:23.000000	2016-05-01 19:13:22.020833	79
135	213	1	0		5026	2016-05-01 19:13:46.000000	2016-05-01 19:13:45.153626	79
136	42449707	285	0		5091	2016-05-01 19:14:51.000000	2016-05-01 19:14:50.354576	79
137	1825841732	297	0		5101	2016-05-01 19:15:01.000000	2016-05-01 19:15:00.855838	79
138	4794775935	330	0		5149	2016-05-01 19:15:49.000000	2016-05-01 19:15:48.678769	79
139	4445	33	0		5168	2016-05-01 19:16:08.000000	2016-05-01 19:16:07.994396	79
140	25273	187	0		5182	2016-05-01 19:16:22.000000	2016-05-01 19:16:21.342706	79
141	25275	188	0		5190	2016-05-01 19:16:30.000000	2016-05-01 19:16:29.158725	79
142	9499	110	0		5299	2016-05-01 19:18:19.000000	2016-05-01 19:18:18.433604	79
143	6786	81	0		5387	2016-05-01 19:19:47.000000	2016-05-01 19:19:46.893144	79
144	42432598	275	0		5553	2016-05-01 19:22:33.000000	2016-05-01 19:22:32.417269	79
145	12397	139	0		5640	2016-05-01 19:24:00.000000	2016-05-01 19:23:59.205224	79
146	29225	228	0		5880	2016-05-01 19:28:00.000000	2016-05-01 19:27:59.272704	79
147	42423674	269	0		6013	2016-05-01 19:30:13.000000	2016-05-01 19:30:12.911326	79
148	21856	176	0		6033	2016-05-01 19:30:33.000000	2016-05-01 19:30:32.315323	79
149	28526	216	0		6056	2016-05-01 19:30:56.000000	2016-05-01 19:30:55.430770	79
150	28527	217	0		6060	2016-05-01 19:31:00.000000	2016-05-01 19:30:59.129601	79
151	4796245033	331	0		6077	2016-05-01 19:31:17.000000	2016-05-01 19:31:16.276743	79
152	29216	227	0		6081	2016-05-01 19:31:21.000000	2016-05-01 19:31:20.242932	79
153	29214	226	0		6081	2016-05-01 19:31:21.000000	2016-05-01 19:31:20.242932	79
154	29212	225	0		6081	2016-05-01 19:31:21.000000	2016-05-01 19:31:20.864398	79
155	4347534780	325	0		6082	2016-05-01 19:31:22.000000	2016-05-01 19:31:21.318815	79
156	5068	45	0		6087	2016-05-01 19:31:27.000000	2016-05-01 19:31:26.105568	79
157	4424	32	0		6096	2016-05-01 19:31:36.000000	2016-05-01 19:31:35.525063	79
158	20628	172	0		6200	2016-05-01 19:33:20.000000	2016-05-01 19:33:19.644455	79
159	14546	160	0		6201	2016-05-01 19:33:21.000000	2016-05-01 19:33:20.042584	79
160	14760	161	0		6206	2016-05-01 19:33:26.000000	2016-05-01 19:33:25.475652	79
161	1690448973	292	0		6209	2016-05-01 19:33:29.000000	2016-05-01 19:33:28.276841	79
162	4773	37	0		6220	2016-05-01 19:33:40.000000	2016-05-01 19:33:39.947797	79
163	4769	35	0		6221	2016-05-01 19:33:41.000000	2016-05-01 19:33:40.656637	79
164	4770	36	0		6221	2016-05-01 19:33:41.000000	2016-05-01 19:33:40.294949	79
165	13344	155	0		6222	2016-05-01 19:33:42.000000	2016-05-01 19:33:41.868892	79
166	5751	53	0		6239	2016-05-01 19:33:59.000000	2016-05-01 19:33:58.010594	79
167	29317	230	0		6242	2016-05-01 19:34:02.000000	2016-05-01 19:34:01.340533	79
168	3831822160	303	0		6304	2016-05-01 19:35:04.000000	2016-05-01 19:35:03.567416	79
169	13901	158	0		6309	2016-05-01 19:35:09.000000	2016-05-01 19:35:08.882339	79
170	23476	180	0		6318	2016-05-01 19:35:18.000000	2016-05-01 19:35:17.155344	79
171	4918486747	333	0		6320	2016-05-01 19:35:20.000000	2016-05-01 19:35:19.711793	79
172	23488	181	0		6594	2016-05-01 19:39:54.000000	2016-05-01 19:39:53.546799	79
173	42436710	278	0		6846	2016-05-01 19:44:06.000000	2016-05-01 19:44:05.966176	79
174	8792	105	0		6852	2016-05-01 19:44:12.000000	2016-05-01 19:44:11.713499	79
175	27306	207	0		6875	2016-05-01 19:44:35.000000	2016-05-01 19:44:34.129620	79
176	3833109159	304	0		6906	2016-05-01 19:45:06.000000	2016-05-01 19:45:05.850183	79
177	42445390	282	0		7127	2016-05-01 19:48:47.000000	2016-05-01 19:48:46.938311	79
178	28383	213	0		7150	2016-05-01 19:49:10.000000	2016-05-01 19:49:09.202752	79
179	6716668070	352	0		7152	2016-05-01 19:49:12.000000	2016-05-01 19:49:11.857219	79
180	28378	212	0		7156	2016-05-01 19:49:16.000000	2016-05-01 19:49:15.316025	79
181	42442902	279	0		7156	2016-05-01 19:49:16.000000	2016-05-01 19:49:15.648058	79
182	28377	211	0		7158	2016-05-01 19:49:18.000000	2016-05-01 19:49:17.444115	79
183	6139477294	345	0		7159	2016-05-01 19:49:19.000000	2016-05-01 19:49:18.077982	79
184	28804	221	0		7177	2016-05-01 19:49:37.000000	2016-05-01 19:49:36.041672	79
185	6326	61	0		7280	2016-05-01 19:51:20.000000	2016-05-01 19:51:19.428638	79
186	5607992553	343	0		7292	2016-05-01 19:51:32.000000	2016-05-01 19:51:31.637449	79
187	33487	246	0		7298	2016-05-01 19:51:38.000000	2016-05-01 19:51:37.520433	79
188	27073	201	0		7315	2016-05-01 19:51:55.000000	2016-05-01 19:51:54.255944	79
189	19318	166	0		7344	2016-05-01 19:52:24.000000	2016-05-01 19:52:23.913639	79
190	561042204	290	0		7346	2016-05-01 19:52:26.000000	2016-05-01 19:52:25.773175	79
191	12634	145	0		7353	2016-05-01 19:52:33.000000	2016-05-01 19:52:32.083734	79
192	12632	144	0		7354	2016-05-01 19:52:34.000000	2016-05-01 19:52:33.825349	79
193	42454428	287	0		7385	2016-05-01 19:53:05.000000	2016-05-01 19:53:04.125740	79
194	12604	141	0		7462	2016-05-01 19:54:22.000000	2016-05-01 19:54:21.932243	79
195	12605	142	0		7465	2016-05-01 19:54:25.000000	2016-05-01 19:54:24.009682	79
196	13334	154	0		7482	2016-05-01 19:54:42.000000	2016-05-01 19:54:41.329928	79
197	11973	134	0		7517	2016-05-01 19:55:17.000000	2016-05-01 19:55:16.056464	79
198	12588	140	0		7637	2016-05-01 19:57:17.000000	2016-05-01 19:57:16.366307	79
199	24632	184	0		7695	2016-05-01 19:58:15.000000	2016-05-01 19:58:14.154807	79
200	3857343079	305	0		7710	2016-05-01 19:58:30.000000	2016-05-01 19:58:29.083894	79
201	3997454670	315	0		7738	2016-05-01 19:58:58.000000	2016-05-01 19:58:57.017546	79
202	11331	126	0		7849	2016-05-01 20:00:49.000000	2016-05-01 20:00:48.294539	79
203	12116	136	0		7957	2016-05-01 20:02:37.000000	2016-05-01 20:02:36.704088	79
204	19273	164	0		8014	2016-05-01 20:03:34.000000	2016-05-01 20:03:33.111919	79
205	4886239171	332	0		8042	2016-05-01 20:04:02.000000	2016-05-01 20:04:01.515773	79
206	1751440889	295	0		8073	2016-05-01 20:04:33.000000	2016-05-01 20:04:32.714190	79
207	21908	177	0		8136	2016-05-01 20:05:36.000000	2016-05-01 20:05:35.531396	79
208	25461	190	0		8245	2016-05-01 20:07:25.000000	2016-05-01 20:07:24.799739	79
209	3944708058	308	0		8289	2016-05-01 20:08:09.000000	2016-05-01 20:08:08.956602	79
210	3561	27	0		8294	2016-05-01 20:08:14.000000	2016-05-01 20:08:13.649025	79
211	42430350	274	0		8294	2016-05-01 20:08:14.000000	2016-05-01 20:08:13.913389	79
212	3576	28	0		8301	2016-05-01 20:08:21.000000	2016-05-01 20:08:20.089006	79
213	27166	204	0		8302	2016-05-01 20:08:22.000000	2016-05-01 20:08:21.001604	79
214	3977886868	314	0		8303	2016-05-01 20:08:23.000000	2016-05-01 20:08:22.021948	79
215	27149	203	0		8303	2016-05-01 20:08:23.000000	2016-05-01 20:08:22.624591	79
216	26972	195	0		8306	2016-05-01 20:08:26.000000	2016-05-01 20:08:25.730202	79
217	3607	29	0		8417	2016-05-01 20:10:17.000000	2016-05-01 20:10:16.999214	79
218	29209	224	0		8436	2016-05-01 20:10:36.000000	2016-05-01 20:10:35.482444	79
219	1494	7	0		8451	2016-05-01 20:10:51.000000	2016-05-01 20:10:50.292824	79
220	5062	44	0		8487	2016-05-01 20:11:27.000000	2016-05-01 20:11:26.901521	79
221	27213	206	0		8499	2016-05-01 20:11:39.000000	2016-05-01 20:11:38.033274	79
222	3977886226	313	0		8499	2016-05-01 20:11:39.000000	2016-05-01 20:11:38.349818	79
223	3977886224	312	0		8500	2016-05-01 20:11:40.000000	2016-05-01 20:11:39.702908	79
224	3977886187	311	0		8657	2016-05-01 20:14:17.000000	2016-05-01 20:14:16.773853	79
225	8770	104	0		8660	2016-05-01 20:14:20.000000	2016-05-01 20:14:19.152708	79
226	8768	103	0		8668	2016-05-01 20:14:28.000000	2016-05-01 20:14:27.080330	79
227	5732	52	0		8690	2016-05-01 20:14:50.000000	2016-05-01 20:14:49.871371	79
228	5728	51	0		8699	2016-05-01 20:14:59.000000	2016-05-01 20:14:58.482053	79
229	11365	127	0		8709	2016-05-01 20:15:09.000000	2016-05-01 20:15:08.253134	79
230	12628	143	0		8729	2016-05-01 20:15:29.000000	2016-05-01 20:15:28.816311	79
231	42443807	281	0		8774	2016-05-01 20:16:14.000000	2016-05-01 20:16:13.903003	79
232	27026	199	0		8822	2016-05-01 20:17:02.000000	2016-05-01 20:17:01.462031	79
233	11275	124	0		8853	2016-05-01 20:17:33.000000	2016-05-01 20:17:32.151678	79
234	11276	125	0		8857	2016-05-01 20:17:37.000000	2016-05-01 20:17:36.754662	79
235	3955372308	309	0		8917	2016-05-01 20:18:37.000000	2016-05-01 20:18:36.807134	79
236	27015	198	0		8933	2016-05-01 20:18:53.000000	2016-05-01 20:18:52.629160	79
237	11117	119	0		8964	2016-05-01 20:19:24.000000	2016-05-01 20:19:23.035364	79
238	4751	34	0		9054	2016-05-01 20:20:54.000000	2016-05-01 20:20:53.665074	79
239	11989	135	0		9199	2016-05-01 20:23:19.000000	2016-05-01 20:23:18.513026	79
240	13899	157	0		9249	2016-05-01 20:24:09.000000	2016-05-01 20:24:08.947707	79
241	9743	112	0		9396	2016-05-01 20:26:36.000000	2016-05-01 20:26:35.997819	79
242	7509	91	0		9421	2016-05-01 20:27:01.000000	2016-05-01 20:27:00.110755	79
243	6680686184	351	0		9455	2016-05-01 20:27:35.000000	2016-05-01 20:27:34.636937	79
244	33975	250	0		9462	2016-05-01 20:27:42.000000	2016-05-01 20:27:41.675844	79
245	33942	249	0		9746	2016-05-01 20:32:26.000000	2016-05-01 20:32:25.810629	79
246	10707	115	0		9837	2016-05-01 20:33:57.000000	2016-05-01 20:33:56.098714	79
247	248707602	288	0		9928	2016-05-01 20:35:28.000000	2016-05-01 20:35:27.703805	79
248	21365	175	0		10052	2016-05-01 20:37:32.000000	2016-05-01 20:37:31.153626	79
249	26472	193	0		10060	2016-05-01 20:37:40.000000	2016-05-01 20:37:39.507098	79
250	11826	133	0		10112	2016-05-01 20:38:32.000000	2016-05-01 20:38:31.035951	79
251	42434959	277	0		10180	2016-05-01 20:39:40.000000	2016-05-01 20:39:39.048987	79
252	13280	153	0		10195	2016-05-01 20:39:55.000000	2016-05-01 20:39:54.623003	79
253	28923	223	0		10272	2016-05-01 20:41:12.000000	2016-05-01 20:41:11.848097	79
254	20079	169	0		10443	2016-05-01 20:44:03.000000	2016-05-01 20:44:02.321535	79
255	1690448997	293	0		10543	2016-05-01 20:45:43.000000	2016-05-01 20:45:42.763290	79
256	1690450548	294	0		10553	2016-05-01 20:45:53.000000	2016-05-01 20:45:52.281299	79
257	30015	236	0		10682	2016-05-01 20:48:02.000000	2016-05-01 20:48:01.153649	79
258	26308	191	0		10699	2016-05-01 20:48:19.000000	2016-05-01 20:48:18.198245	79
259	5122601050	336	0		10783	2016-05-01 20:49:43.000000	2016-05-01 20:49:42.916547	79
260	8567053364	374	0		10783	2016-05-01 20:49:43.000000	2016-05-01 20:49:42.412908	79
261	5481855556	340	0		10839	2016-05-01 20:50:39.000000	2016-05-01 20:50:38.715995	79
262	28543	218	0		10850	2016-05-01 20:50:50.000000	2016-05-01 20:50:49.172348	79
263	40146	265	0		10875	2016-05-01 20:51:15.000000	2016-05-01 20:51:14.663712	79
264	8261123024	368	0		10907	2016-05-01 20:51:47.000000	2016-05-01 20:51:46.938954	79
265	8261122840	364	0		10948	2016-05-01 20:52:28.000000	2016-05-01 20:52:27.759668	79
266	6814312341	353	0		10990	2016-05-01 20:53:10.000000	2016-05-01 20:53:09.162836	79
267	8060	98	0		11540	2016-05-01 21:02:20.000000	2016-05-01 21:02:19.125351	79
268	8043	97	0		11580	2016-05-01 21:03:00.000000	2016-05-01 21:02:59.262705	79
269	41691	268	0		11765	2016-05-01 21:06:05.000000	2016-05-01 21:06:04.694487	79
270	5635	50	0		11825	2016-05-01 21:07:05.000000	2016-05-01 21:07:04.188856	79
271	6739	76	0		11837	2016-05-01 21:07:17.000000	2016-05-01 21:07:16.644630	79
272	6740	77	0		11837	2016-05-01 21:07:17.000000	2016-05-01 21:07:16.651529	79
273	6723	74	0		11840	2016-05-01 21:07:20.000000	2016-05-01 21:07:19.724321	79
274	6724	75	0		11842	2016-05-01 21:07:22.000000	2016-05-01 21:07:21.687287	79
275	4207957613	320	0		11861	2016-05-01 21:07:41.000000	2016-05-01 21:07:40.195457	79
276	6755	78	0		11879	2016-05-01 21:07:59.000000	2016-05-01 21:07:58.676960	79
277	33512	247	0		11953	2016-05-01 21:09:13.000000	2016-05-01 21:09:12.337624	79
278	8288270450	372	0		12058	2016-05-01 21:10:58.000000	2016-05-01 21:10:57.377491	79
279	9416	108	0		12234	2016-05-01 21:13:54.000000	2016-05-01 21:13:53.280136	79
280	8040	96	0		12235	2016-05-01 21:13:55.000000	2016-05-01 21:13:54.548193	79
281	1561	11	0		12284	2016-05-01 21:14:44.000000	2016-05-01 21:14:43.867352	79
282	27334	208	0		12881	2016-05-01 21:24:41.000000	2016-05-01 21:24:40.205979	79
283	28822	222	0		12989	2016-05-01 21:26:29.000000	2016-05-01 21:26:28.285677	79
284	28774	219	0		13067	2016-05-01 21:27:47.000000	2016-05-01 21:27:46.592639	79
285	8119462472	360	0		13242	2016-05-01 21:30:42.000000	2016-05-01 21:30:41.362883	79
286	39435	261	0		13242	2016-05-01 21:30:42.000000	2016-05-01 21:30:41.659850	79
287	5633	49	0		13318	2016-05-01 21:31:58.000000	2016-05-01 21:31:57.774435	79
288	9469	109	0		13383	2016-05-01 21:33:03.000000	2016-05-01 21:33:02.456805	79
289	37821	259	0		13447	2016-05-01 21:34:07.000000	2016-05-01 21:34:06.158855	79
290	37816	258	0		13506	2016-05-01 21:35:06.000000	2016-05-01 21:35:05.102241	79
291	40584	266	0		13577	2016-05-01 21:36:17.000000	2016-05-01 21:36:16.229047	79
292	6718	73	0		13851	2016-05-01 21:40:51.000000	2016-05-01 21:40:50.444200	79
293	11621	128	0		14149	2016-05-01 21:45:49.000000	2016-05-01 21:45:48.977031	79
294	8262309019	369	0		14539	2016-05-01 21:52:19.000000	2016-05-01 21:52:18.979127	79
295	1524	8	0		14646	2016-05-01 21:54:06.000000	2016-05-01 21:54:05.574615	79
296	32259	245	0		14647	2016-05-01 21:54:07.000000	2016-05-01 21:54:06.552772	79
297	6899374961	354	0		14736	2016-05-01 21:55:36.000000	2016-05-01 21:55:35.715758	79
298	1544	10	0		14850	2016-05-01 21:57:30.000000	2016-05-01 21:57:29.624660	79
299	1539	9	0		14916	2016-05-01 21:58:36.000000	2016-05-01 21:58:35.071365	79
300	6223969262	346	0		15082	2016-05-01 22:01:22.000000	2016-05-01 22:01:21.864115	79
301	4555838817	326	0		15255	2016-05-01 22:04:15.000000	2016-05-01 22:04:14.729141	79
302	12659	146	0		15454	2016-05-01 22:07:34.000000	2016-05-01 22:07:33.221338	79
303	27051	200	0		15646	2016-05-01 22:10:46.000000	2016-05-01 22:10:45.300977	79
304	3558	26	0		15764	2016-05-01 22:12:44.000000	2016-05-01 22:12:43.040255	79
305	4016646232	317	0		15782	2016-05-01 22:13:02.000000	2016-05-01 22:13:01.260820	79
306	805764995	291	0		15804	2016-05-01 22:13:24.000000	2016-05-01 22:13:23.456732	79
307	26967	194	0		15913	2016-05-01 22:15:13.000000	2016-05-01 22:15:12.420039	79
308	29453	232	0		15977	2016-05-01 22:16:17.000000	2016-05-01 22:16:16.660602	79
309	5101	47	0		16086	2016-05-01 22:18:06.000000	2016-05-01 22:18:05.808287	79
310	30414	238	0		16295	2016-05-01 22:21:35.000000	2016-05-01 22:21:34.944938	79
311	30074	237	0		16296	2016-05-01 22:21:36.000000	2016-05-01 22:21:35.792909	79
312	42429976	272	0		16322	2016-05-01 22:22:02.000000	2016-05-01 22:22:01.729419	79
313	7433	89	0		16341	2016-05-01 22:22:21.000000	2016-05-01 22:22:20.713280	79
314	7430	88	0		16347	2016-05-01 22:22:27.000000	2016-05-01 22:22:26.294003	79
315	12705	148	0		16348	2016-05-01 22:22:28.000000	2016-05-01 22:22:27.933948	79
316	12706	149	0		16354	2016-05-01 22:22:34.000000	2016-05-01 22:22:33.589499	79
317	42432847	276	0		16424	2016-05-01 22:23:44.000000	2016-05-01 22:23:43.453867	79
318	5607992554	344	0		16425	2016-05-01 22:23:45.000000	2016-05-01 22:23:44.827916	79
319	5125	48	0		16431	2016-05-01 22:23:51.000000	2016-05-01 22:23:50.762576	79
320	30431	239	0		16569	2016-05-01 22:26:09.000000	2016-05-01 22:26:08.201918	79
321	10719	116	0		16780	2016-05-01 22:29:40.000000	2016-05-01 22:29:39.057694	79
322	10723	117	0		16791	2016-05-01 22:29:51.000000	2016-05-01 22:29:50.919625	79
323	8119462449	358	0		16989	2016-05-01 22:33:09.000000	2016-05-01 22:33:08.660069	79
324	4259278554	323	0		17181	2016-05-01 22:36:21.000000	2016-05-01 22:36:20.917786	79
325	4707471868	329	0		17411	2016-05-01 22:40:11.000000	2016-05-01 22:40:10.959526	79
326	42430342	273	0		17683	2016-05-01 22:44:43.000000	2016-05-01 22:44:42.048796	79
327	3541	25	0		17684	2016-05-01 22:44:44.000000	2016-05-01 22:44:43.389269	79
328	27110	202	0		17698	2016-05-01 22:44:58.000000	2016-05-01 22:44:57.592560	79
329	27212	205	0		17777	2016-05-01 22:46:17.000000	2016-05-01 22:46:16.918113	79
330	41514	267	0		17968	2016-05-01 22:49:28.000000	2016-05-01 22:49:27.768613	79
331	6598535230	350	0		18130	2016-05-01 22:52:10.000000	2016-05-01 22:52:09.956328	79
332	27002	196	0		18136	2016-05-01 22:52:16.000000	2016-05-01 22:52:15.233018	79
333	27004	197	0		18136	2016-05-01 22:52:16.000000	2016-05-01 22:52:15.781599	79
334	3942050708	307	0		18140	2016-05-01 22:52:20.000000	2016-05-01 22:52:19.859354	79
335	3530	24	0		18329	2016-05-01 22:55:29.000000	2016-05-01 22:55:28.617919	79
336	9842	114	0		18504	2016-05-01 22:58:24.000000	2016-05-01 22:58:23.197207	79
337	5095	46	0		18698	2016-05-01 23:01:38.000000	2016-05-01 23:01:37.625953	79
338	33986	251	0		18978	2016-05-01 23:06:18.000000	2016-05-01 23:06:17.474805	79
339	33993	252	0		19013	2016-05-01 23:06:53.000000	2016-05-01 23:06:52.216118	79
340	33995	253	0		19042	2016-05-01 23:07:22.000000	2016-05-01 23:07:21.608246	79
341	12725	150	0		19346	2016-05-01 23:12:26.000000	2016-05-01 23:12:25.430647	79
342	12745	151	0		19666	2016-05-01 23:17:46.000000	2016-05-01 23:17:45.706347	79
343	20683	173	0		19934	2016-05-01 23:22:14.000000	2016-05-01 23:22:13.647755	79
344	7405	86	0		20268	2016-05-01 23:27:48.000000	2016-05-01 23:27:47.338426	79
345	7406	87	0		20269	2016-05-01 23:27:49.000000	2016-05-01 23:27:48.692526	79
346	12180	137	0		20273	2016-05-01 23:27:53.000000	2016-05-01 23:27:52.280621	79
347	3971196627	310	0		20714	2016-05-01 23:35:14.000000	2016-05-01 23:35:13.613683	79
348	42445888	283	0		20933	2016-05-01 23:38:53.000000	2016-05-01 23:38:52.298731	79
349	6276	59	0		21183	2016-05-01 23:43:03.000000	2016-05-01 23:43:02.167158	79
350	23784	183	0		21424	2016-05-01 23:47:04.000000	2016-05-01 23:47:03.939153	79
351	42443559	280	0		21817	2016-05-01 23:53:37.000000	2016-05-01 23:53:36.539570	79
352	11128	120	0		21846	2016-05-01 23:54:06.000000	2016-05-01 23:54:05.477336	79
353	23169	179	0		22142	2016-05-01 23:59:02.000000	2016-05-01 23:59:01.292602	79
354	30979	240	0		22454	2016-05-02 00:04:14.000000	2016-05-02 00:04:13.724945	79
355	7515300914	355	0		22688	2016-05-02 00:08:08.000000	2016-05-02 00:08:07.402162	79
356	26342	192	0		22847	2016-05-02 00:10:47.000000	2016-05-02 00:10:46.578325	79
357	5117991231	334	0		23014	2016-05-02 00:13:34.000000	2016-05-02 00:13:33.114560	79
358	30992	241	0		23314	2016-05-02 00:18:34.000000	2016-05-02 00:18:33.233753	79
359	5117991237	335	0		23730	2016-05-02 00:25:30.000000	2016-05-02 00:25:29.017614	79
360	1414	5	0		24231	2016-05-02 00:33:51.000000	2016-05-02 00:33:50.626169	79
361	1415	6	0		24231	2016-05-02 00:33:51.000000	2016-05-02 00:33:50.726969	79
362	6049	56	0		24267	2016-05-02 00:34:27.000000	2016-05-02 00:34:26.734671	79
363	29732	235	0		24392	2016-05-02 00:36:32.000000	2016-05-02 00:36:31.283028	79
364	6034	55	0		24794	2016-05-02 00:43:14.000000	2016-05-02 00:43:13.446678	79
365	6011	54	0		24812	2016-05-02 00:43:32.000000	2016-05-02 00:43:31.858580	79
366	6666	68	0		25195	2016-05-02 00:49:55.000000	2016-05-02 00:49:54.848995	79
367	6288	60	0		25198	2016-05-02 00:49:58.000000	2016-05-02 00:49:57.606013	79
368	29306	229	0		25314	2016-05-02 00:51:54.000000	2016-05-02 00:51:53.733951	79
369	8121	101	0		25583	2016-05-02 00:56:23.000000	2016-05-02 00:56:22.242525	79
370	6662	67	0		25785	2016-05-02 00:59:45.000000	2016-05-02 00:59:44.874895	79
371	274681226	289	0		26170	2016-05-02 01:06:10.000000	2016-05-02 01:06:09.740763	79
372	6550	65	0		26780	2016-05-02 01:16:20.000000	2016-05-02 01:16:19.440125	79
373	1397	4	0		27174	2016-05-02 01:22:54.000000	2016-05-02 01:22:53.154970	79
374	8109	100	0		27474	2016-05-02 01:27:54.000000	2016-05-02 01:27:53.502257	79
375	12683	147	0		28060	2016-05-02 01:37:40.000000	2016-05-02 01:37:39.302006	79
376	42428297	934	0		28295	2016-05-02 01:41:35.000000		79
